title,company,location,description,salary_min,salary_max,contract_type,created,redirect_url,category,specialty,source_country,query,query_type,remote_friendly,international
Responsable d'Affaires Electricité H/F Six-Fours-les-Plages,Groupe Bouygues,US,"Informations générales Référence Equans_60137 Date de parution 23/04/2025 Filière Métier Réf métier Bouygues SA - TRAVAUX Intitulé du poste Responsable d'Affaires Electricité H/F Six-Fours-les-Plages Contrat CDI Temps de travail Temps complet Description de la mission Saviez-vous que chez EQUANS France, nos équipes interviennent dans le secteur du Génie électrique ? INEO PACA, entité d’EQUANS France, recherche son futur Responsable d’Affaires Electricité (H/F) Activité Tertiaire Poste basé à Si…",46437.61,46437.61,,2025-03-03T20:56:00Z,https://www.adzuna.com/details/5073152639?utm_medium=api&utm_source=e1ad5111,Customer Services Jobs,ingénieur électrique,us,ingénieur électrique,standard,False,False
Responsable d'Affaires Electricité H/F Six-Fours-les-Plages,Mobyclic,US,"Informations générales Référence Equans_60137 Filière Métier Réf métier Bouygues SA - TRAVAUX Intitulé du poste Responsable d'Affaires Electricité H/F Six-Fours-les-Plages Contrat CDI Temps de travail Temps complet Description de la mission Saviez-vous que chez EQUANS France, nos équipes interviennent dans le secteur du Génie électrique ? INEO PACA, entité d’EQUANS France, recherche son futur Responsable d’Affaires Electricité (H/F) Activité Tertiaire Poste basé à Six-fours-les-Plages (83) INEO…",41599.38,41599.38,,2025-03-03T21:44:42Z,https://www.adzuna.com/details/5073230084?utm_medium=api&utm_source=e1ad5111,Customer Services Jobs,ingénieur électrique,us,ingénieur électrique,standard,False,False
Responsable d'Activité électricité H/F,SPIE,US,Informations générales Entité SPIE accompagne la transition énergétique et la transformation numérique. Notre ambition ? Développer un monde toujours plus smart et responsable grâce au savoir-faire reconnu d'une communauté de passionnés qui aiment se réinventer et transmettre. Des audacieux qui entreprennent chaque jour. Des professionnels qui se révèlent dans la diversité de leurs missions et de leurs métiers. Leader européen indépendant des services multi-techniques dans les domaines de l'éne…,34891.98,34891.98,contract,2025-04-05T22:01:50Z,https://www.adzuna.com/details/5131944511?utm_medium=api&utm_source=e1ad5111,Trade & Construction Jobs,ingénieur électrique,us,ingénieur électrique,standard,False,False
Responsable d'affaires Principal (H/F),Groupe Bouygues,US,"Informations générales Référence Equans_65272 Date de parution 22/04/2025 Filière Métier Réf métier Bouygues SA - TRAVAUX Intitulé du poste Responsable d'affaires Principal (H/F) Contrat CDI Temps de travail Temps complet Description de la mission Saviez-vous que chez EQUANS France, nos équipes interviennent aussi dans les activités d’installation électrique, partout dans l’hexagone ? Ineo ITE, entité d’EQUANS France, recherche son futur : Responsable d’Affaires Principal Electricité Industriel…",63701.66,63701.66,,2025-03-03T19:46:58Z,https://www.adzuna.com/details/5072904514?utm_medium=api&utm_source=e1ad5111,Engineering Jobs,ingénieur électrique,us,ingénieur électrique,standard,False,False
Responsable d'Affaires Electricité tertiaire (H/F),Mobyclic,US,"Informations générales Référence Equans_62286 Filière Métier Réf métier Bouygues SA - TRAVAUX Intitulé du poste Responsable d'Affaires Electricité tertiaire (H/F) Contrat CDI Temps de travail Temps complet Description de la mission Saviez-vous que chez EQUANS France, nos équipes interviennent aussi dans les activités d’installation électrique, partout dans l’hexagone ? Ineo ITE, entité d’EQUANS France, recherche son futur : Responsable d’Affaires en Electricité Tertiaire (H/F) Poste basé à Rich…",48341.47,48341.47,,2025-03-03T20:25:00Z,https://www.adzuna.com/details/5073006994?utm_medium=api&utm_source=e1ad5111,Engineering Jobs,ingénieur électrique,us,ingénieur électrique,standard,False,False
Responsable d'affaires Principal (H/F),Mobyclic,US,"Informations générales Référence Equans_65272 Filière Métier Réf métier Bouygues SA - TRAVAUX Intitulé du poste Responsable d'affaires Principal (H/F) Contrat CDI Temps de travail Temps complet Description de la mission Saviez-vous que chez EQUANS France, nos équipes interviennent aussi dans les activités d’installation électrique, partout dans l’hexagone ? Ineo ITE, entité d’EQUANS France, recherche son futur : Responsable d’Affaires Principal Electricité Industrielle (H/F) Poste basé à Tervil…",56946,56946,,2025-03-03T22:59:29Z,https://www.adzuna.com/details/5073326030?utm_medium=api&utm_source=e1ad5111,Engineering Jobs,ingénieur électrique,us,ingénieur électrique,standard,False,False
Responsable d'Affaires Electricité tertiaire (H/F),Groupe Bouygues,US,"Informations générales Référence Equans_62286 Date de parution 28/04/2025 Filière Métier Réf métier Bouygues SA - TRAVAUX Intitulé du poste Responsable d'Affaires Electricité tertiaire (H/F) Contrat CDI Temps de travail Temps complet Description de la mission Saviez-vous que chez EQUANS France, nos équipes interviennent aussi dans les activités d’installation électrique, partout dans l’hexagone ? Ineo ITE, entité d’EQUANS France, recherche son futur : Responsable d’Affaires en Electricité Terti…",54189.11,54189.11,,2025-03-03T21:00:54Z,https://www.adzuna.com/details/5073157074?utm_medium=api&utm_source=e1ad5111,Engineering Jobs,ingénieur électrique,us,ingénieur électrique,standard,False,False
Responsable d'affaires génie électrique (H/F),Groupe Bouygues,US,"Informations générales Référence Equans_25089 Date de parution 26/04/2025 Filière Métier Réf métier Bouygues SA - TRAVAUX Intitulé du poste Responsable d'affaires génie électrique (H/F) Contrat CDI Temps de travail Temps complet Description de la mission Responsable d’affaires en génie électrique H/F Poste basé à Sucy-en-Brie (94) Enraciné dans une histoire plus que centenaire, Equans société du groupe Bouygues, est le nouveau leader mondial du secteur des énergies et services. En accompagnant …",45939.59,45939.59,,2025-03-03T20:23:53Z,https://www.adzuna.com/details/5072989230?utm_medium=api&utm_source=e1ad5111,Trade & Construction Jobs,ingénieur électrique,us,ingénieur électrique,standard,False,False
Responsable d'affaires génie électrique (H/F),Mobyclic,US,"Informations générales Référence Equans_25089 Filière Métier Réf métier Bouygues SA - TRAVAUX Intitulé du poste Responsable d'affaires génie électrique (H/F) Contrat CDI Temps de travail Temps complet Description de la mission Responsable d’affaires en génie électrique H/F Poste basé à Sucy-en-Brie (94) Enraciné dans une histoire plus que centenaire, Equans société du groupe Bouygues, est le nouveau leader mondial du secteur des énergies et services. En accompagnant ses clients sur les trois tr…",41570.7,41570.7,,2025-03-03T18:08:48Z,https://www.adzuna.com/details/5072741485?utm_medium=api&utm_source=e1ad5111,Trade & Construction Jobs,ingénieur électrique,us,ingénieur électrique,standard,False,False
Senior HVDC Application Engineer,GE Vernova,"Fox Valley Facility, DuPage County",Job Description Summary The Senior HVDC Application Engineer is an established leader in their respective engineering team. He or she drives business strategy through detailed technical and economic understanding of the marketplace and takes the initiative to drive business leaders to provide customers with the best solutions that positively impact business. The Senior HVDC Application Engineer Serve as the technological point person for the business for the entire Inquiry to Order (ITO) phase.…,69235.66,69235.66,,2025-03-11T09:39:11Z,https://www.adzuna.com/details/5087078039?utm_medium=api&utm_source=e1ad5111,Engineering Jobs,ingénieur électrique,us,ingénieur électrique,standard,False,False
Ingénieur électrique - FREELANCE,Castor Network,"Bourges, Cher","Nous recherchons, pour l'un de nos clients, un freelance en qualité d’Ingénieur en génie électrique H/F pour une mission longue durée à pourvoir dès maintenant à Bourges (18). La mission nécessite du présentiel sur site à hauteur de 3 jours minimum par semaine. Concrètement votre rôle : Définir et organiser/planifier le plan des travaux d’études / développement /conception à mener dans l’équipe et les outils / moyens associés (incluant le choix de sous-traitance et les fiches de tâches des lots…",,,,2025-04-21T04:51:22Z,https://www.adzuna.fr/land/ad/5154919188?se=UogqyO8o8BGFil_oKXcHCQ&utm_medium=api&utm_source=e1ad5111&v=583C00EB3D08CB1241A9E4431F725FB2FEE19AC9,Unknown,ingénieur électrique,fr,ingénieur électrique,standard,False,False
Ingénieur Electrique H/F,CELETIS,"Marne, Grand-Est","Nous sommes à la recherche d'un ingénieur électrique pour assurer la maintenance préventive et curative des équipements électriques haute tension (HT) et moyenne tension (MT). Le rôle implique également la remise en service de l'électricité sur des zones en production, en résolvant des problèmes de corrosion sur les machines électriques. Missions : - Maintenance préventive et curative des équipements électriques HT/MT - Remise en place de l'électricité sur les zones en production - Diagnostique…",40000,45000,,2025-04-07T04:02:44Z,https://www.adzuna.fr/land/ad/5132999991?se=UogqyO8o8BGFil_oKXcHCQ&utm_medium=api&utm_source=e1ad5111&v=344D058C5D4C89B3A5EB20739C98C2972F9512A4,Unknown,ingénieur électrique,fr,ingénieur électrique,standard,False,False
Ingénieur électrique H/F,ODYSSEE RH,"La-Verrière, Rambouillet","Mon client, leader mondial en simulation de mouvements dans l'aérospatiale, la défense et l'automobile recherche son futur(e) Ingénieur (e) Électrique ? La société est spécialisée dans le développement et la fabrication de simulateurs de mouvement pour l'entraînement, la recherche et le développement dans divers domaines tels que l'aéronautique, l'automobile, la défense et d'autres industries. Les prototypes et simulateurs de mouvement sont conçus pour reproduire avec précision les mouvements e…",60000,60000,permanent,2025-04-26T04:22:48Z,https://www.adzuna.fr/land/ad/5163313652?se=UogqyO8o8BGFil_oKXcHCQ&utm_medium=api&utm_source=e1ad5111&v=50D0529CC8C29A951FE5D423FB5BC8E9832F2D60,Unknown,ingénieur électrique,fr,ingénieur électrique,standard,False,False
Ingénieur Électrique See Electrical H/F,Efor Group,"Fontaine, Grenoble","Dans le cadre de notre développement d'activité, nous recherchons un(e) ingénieur(e) génie électrique (H/F) pour rejoindre notre équipe Grenobloise en CDI. Vos missions : - Diagnostiquer et résoudre les pannes électriques. - Élaborer les schémas et les plans de câblage. - Dimensionner les équipements électriques. - Assembler les composants dans l'armoire électrique. - Gérer les systèmes Haute Tension/Basse Tension (HT/BT). - Réaliser des études techniques pour garantir la conformité et l'effica…",32000,55000,,2025-05-01T07:16:49Z,https://www.adzuna.fr/land/ad/5171880637?se=UogqyO8o8BGFil_oKXcHCQ&utm_medium=api&utm_source=e1ad5111&v=799E84919FB6490BF937713EF000D30F352162B7,Emplois Informatique,ingénieur électrique,fr,ingénieur électrique,standard,False,False
Ingénieur Electrique H/F,ALDEBARAN GROUP,"Ivry-sur-Seine, Créteil","ALDEBARAN GROUP : Aldebaran Group intervient dans l'Energie et les infrastructures, accompagnant ses clients en France et à l'étranger. L'entreprise aide les clients qui s'engagent à réduire leur impact carbone et environnemental dans les années à venir, en visant à atteindre le zéro net au plus tôt. De même, nous recrutons les meilleurs ingénieurs et managers qui aideront notre client à avancer dans cette direction le plus tôt possible. Cela ne nous limite pas à recruter des spécialistes de l'…",75000,75000,permanent,2025-04-30T20:09:07Z,https://www.adzuna.fr/land/ad/5171107605?se=UogqyO8o8BGFil_oKXcHCQ&utm_medium=api&utm_source=e1ad5111&v=0EA6BFBA13D1EA75513BCA9A54FF6E5AECC6CEA0,Unknown,ingénieur électrique,fr,ingénieur électrique,standard,False,False
Ingénieur Electrique H/F,Aldebaran Group,"Ivry-sur-Seine, Créteil","ALDEBARAN Group: ALDEBARAN Group intervient dans les secteurs de l'énergie et des infrastructures, accompagnant ses clients en France et à l'international. La société aide les clients qui s'engagent à réduire leur impact carbone et environnemental dans les années à venir, dans le but d'atteindre la neutralité carbone dès que possible. De même, nous recrutons les meilleurs profils techniques et managériaux qui aideront notre client à s'engager dans cette direction dans les meilleurs délais. Cela…",70000,70000,permanent,2025-04-30T20:09:07Z,https://www.adzuna.fr/land/ad/5171107621?se=UogqyO8o8BGFil_oKXcHCQ&utm_medium=api&utm_source=e1ad5111&v=5BB0A8A681BF04656974DBEC2DCA8F79816A727F,Unknown,ingénieur électrique,fr,ingénieur électrique,standard,False,True
Ingénieur Electrique H/F (CDI),ALDEBARAN GROUP,"1er Arrondissement, Paris","ALDEBARAN GROUP : Aldebaran Group intervient dans l'Energie et les infrastructures, accompagnant ses clients en France et à l'étranger. L'entreprise aide les clients qui s'engagent à réduire leur impact carbone et environnemental dans les années à venir, en visant à atteindre le zéro net au plus tôt. De même, nous recrutons les meilleurs ingénieurs et managers qui aideront notre client à avancer dans cette direction le plus tôt possible. Cela ne nous limite pas à recruter des spécialistes de l'…",75000,75000,permanent,2025-04-26T23:56:15Z,https://www.adzuna.fr/land/ad/5164917962?se=UogqyO8o8BGFil_oKXcHCQ&utm_medium=api&utm_source=e1ad5111&v=B76DA5F7ECF9A6687CAAB00D2D1ACC95D22EC095,Unknown,ingénieur électrique,fr,ingénieur électrique,standard,False,False
Ingénieur Électrique H/F,Ikos,"Bouches-du-Rhône, Provence-Alpes-Côte d'Azur","Nous recherchons un(e) Ingénieur Électrique passionné(e) par le secteur ferroviaire pour rejoindre notre équipe dynamique. Si vous avez une expertise solide dans la conception et la réalisation de moyens de tests, ainsi qu'une maîtrise des outils logiciels liés, cette opportunité est faite pour vous. Vos principales missions : - Conception de moyens de tests pour applications ferroviaires. - Réalisation et modification des moyens de tests. - Programmation et développement de moyens de tests ave…",,,,2025-04-28T06:53:43Z,https://www.adzuna.fr/land/ad/5166392099?se=UogqyO8o8BGFil_oKXcHCQ&utm_medium=api&utm_source=e1ad5111&v=42EFACF73163705B879B3B32D44406AD59BEA517,Emplois Distribution et Entrepôts,ingénieur électrique,fr,ingénieur électrique,standard,False,False
Ingénieur Electrique H/F (CDI),Aldebaran Group,"Montrouge, Antony","ALDEBARAN GROUP : Aldebaran Group intervient dans l'Energie et les infrastructures, accompagnant ses clients en France et à l'étranger. L'entreprise aide les clients qui s'engagent à réduire leur impact carbone et environnemental dans les années à venir, en visant à atteindre le zéro net au plus tôt. De même, nous recrutons les meilleurs ingénieurs et managers qui aideront notre client à avancer dans cette direction le plus tôt possible. Cela ne nous limite pas à recruter des spécialistes de l'…",75000,75000,permanent,2025-04-19T23:41:44Z,https://www.adzuna.fr/land/ad/5153868851?se=UogqyO8o8BGFil_oKXcHCQ&utm_medium=api&utm_source=e1ad5111&v=66891EEC47AB42AE17447664BD43054A2FBFAFA0,Unknown,ingénieur électrique,fr,ingénieur électrique,standard,False,False
Ingénieur Electrique - Gestion Documentaire & Suivi Technique H/F,B-Hive,"Aix en Provence Sud-Ouest, Aix-en-Provence","Dans le cadre de notre croissance, nous recherchons un(e) ingénieur Electrique - Gestion documentaire & suivi technique (armoires & pupitres) pour intervenir chez un de nos clients, grand acteur dans le domaine du nucléaire. La mission est basé à Aix-en-Provence dans la région PACA. Vous interviendrez sur la rédaction documentaire et le suivi de sous-traitance liés à des équipements type armoires électriques et pupitres. Ci-dessous vos principales missions : Rédiger les documents techniques de …",,,,2025-05-02T07:07:30Z,https://www.adzuna.fr/land/ad/5175355953?se=qhg2yu8o8BGFil_oKXcHCQ&utm_medium=api&utm_source=e1ad5111&v=D18EEFB217332EC0BB1FCB0BC5B9297D445FA152,Unknown,ingénieur électrique,fr,ingénieur électrique,standard,False,False
Ingénieur Électrique H/F,XS GROUPE,"Haut-Rhin, Grand-Est","- Concevoir des schémas électriques sous E3, couvrant la HT, BT et TBT. - Rédiger et valider les spécifications techniques (transformateur de démarrage HTA, disjoncteur HTA, contacteur HTA, interrupteur-sectionneur HTA, etc.). - Animer les échanges techniques pour le choix de nouveaux composants HTA et BT. - Identifier et résoudre les problèmes techniques, en assurant un suivi des actions correctives. - Réaliser des études de chute de tension, de court-circuit et de sélectivité. - Piloter le dé…",45000,55000,,2025-04-03T04:00:49Z,https://www.adzuna.fr/land/ad/5125667010?se=qhg2yu8o8BGFil_oKXcHCQ&utm_medium=api&utm_source=e1ad5111&v=0D56BFAB092F9949DD9F749B0239B990B6C8D995,Emplois Fabrication,ingénieur électrique,fr,ingénieur électrique,standard,False,False
Ingénieur qualité électrique,ALPEE,"Grenoble, Isère","Nous recherchons pour notre client Grenoblois, un ingénieur Qualité spécialisé dans les produits électrique et contrôle-commande. Intégré dans une équipe qualité vous serez le référant de tous les produits ""électrique"" Vos missions seront les suivantes : - Mettre en place et maintenir les systèmes qualité projet sur la base du système qualité de l'entreprise - Construire les modèles de plan qualité, rapport de contrôle, et autres documents qualité spécifiques à chaque projet - Assurer la confor…",,,,2025-04-21T04:50:31Z,https://www.adzuna.fr/land/ad/5154918080?se=qhg2yu8o8BGFil_oKXcHCQ&utm_medium=api&utm_source=e1ad5111&v=49D7966682A13262F92B3DBAC5BD28BCA5ACB0A0,Unknown,ingénieur électrique,fr,ingénieur électrique,standard,False,False
Ingénieur Électrique HT/BT H/F (CDI),MICHAEL PAGE,France,"Poste : Rattaché au Responsable du Département Électricité, vous serez en charge de la partie électricité des projets oil et gas à différentes phases. Vos missions principales sont : * Être le garant de la revue des dossiers techniques, * Établir et valider les budgets d'études et de production des documents, * Établir les calculs de réseau de dimensionnement du matériel, * Élaborer des schémas unifilaires et le fonctionnement du réseau électrique, * Rédiger les spécifications du matériel élect…",,,permanent,2025-04-14T15:45:33Z,https://www.adzuna.fr/land/ad/5144147670?se=qhg2yu8o8BGFil_oKXcHCQ&utm_medium=api&utm_source=e1ad5111&v=775A41AFE84272E797F16F0D2945C2E9746E16D4,Unknown,ingénieur électrique,fr,ingénieur électrique,standard,False,False
Ingénieur Électrique,PMM Workforce Management Ltd,"Paris, Ile-de-France","PMM Group est un partenaire stratégique offrant des solutions efficaces en matière de gestion des talents à travers l’Europe et le Moyen-Orient. Nous excellons dans le recrutement, la mise à disposition de personnel et la gestion des ressources humaines , garantissant l’exécution impeccable de projets de toutes envergures. Dans le cadre d’un projet industriel stratégique situé en Corse , nous recrutons, pour le compte d’un client majeur du secteur Pétrole et Énergie , un Ingénieur Électrique . …",,,,2025-03-13T10:55:06Z,https://www.adzuna.fr/details/5091055026?utm_medium=api&utm_source=e1ad5111,Emplois Ingénierie,ingénieur électrique,fr,ingénieur électrique,standard,False,False
Ingénieur électrique,Fives Services Inc.,France,"Mission principale La mission de l'ingénieur électrique est d'assurer un soutien et des services techniques dans la conception, la planification, l'étude, l'évaluation et la mise à l'essai et la mise en route d'équipements Fives ou d'autres équipements. Tâches * Mener à terme des travaux de dimensionnement et conception de différents systèmes électriques (puissance, contrôle et automatisation) destinés à des équipements Fives, des ponts roulants et autres équipements industriels. * Moderniser, …",,,,2024-10-10T03:56:18Z,https://www.adzuna.fr/details/4896522138?utm_medium=api&utm_source=e1ad5111,Emplois Hospitalité et Restauration,ingénieur électrique,fr,ingénieur électrique,standard,False,False
Ingénieur Electrique,Archer Daniels Midland,France,"Sur le site d’ ADM BAZANCOURT , nous valorisons le blé en : produits édulcorants, protéines, amidons et divers composants à destination des marchés de l’alimentation humaine, nutrition animale, l’industrie et fertilisation. Visitez www.adm.com pour en savoir plus. Responsabilités Rattaché (e) au Responsable Maintenance, vous faites partie intégrante du service Maintenance du site de BAZANCOURT, et êtes à la fois un expert technique et un animateur d’équipe. A ce titre, vos missions principales …",,,,2025-01-19T14:12:03Z,https://www.adzuna.fr/details/5016633897?utm_medium=api&utm_source=e1ad5111,Unknown,ingénieur électrique,fr,ingénieur électrique,standard,False,False
Ingénieur électrique,SOFREN GROUP,"1er-Arrondissement, Lyon","Ingénierie électrique à tous les stades du projet : - Études de faisabilité, conception, conception de base, ingénierie de détail et études de conception. - Élaborer des normes internes et des critères de conception spécifiques pour la conception électrique. - Optimiser la conception pour respecter les exigences de sécurité tout en limitant les coûts. - Rédiger et réviser les documents/notes techniques (critères de conception électrique, spécifications générales de mise à la terre, manuel d'exp…",,,,2024-12-05T00:39:41Z,https://www.adzuna.fr/details/4963528740?utm_medium=api&utm_source=e1ad5111,Unknown,ingénieur électrique,fr,ingénieur électrique,standard,False,False
Ingénieur Electrique Superviseur de Chantiers H/F,ALTEN,"Coudekerque-Branche, Dunkerque","Nous recrutons en CDI un(e) Ingénieur Electrique Superviseur de Chantiers H/F pour intervenir dans le secteur industriel. Vous couvrez l'ensemble du spectre électrique, haute, moyenne et basse tension. Vous serez en charge de : - La supervision et le suivi des chantiers électriques. - La gestion des aspects financiers : estimations, chiffrages, appels d'offres, analyse technique des propositions. - La rédaction des dossiers de consultation des entreprises (DCE) et la défense des offres. - La co…",,,,2025-04-01T04:05:08Z,https://www.adzuna.fr/land/ad/5120676542?se=qhg2yu8o8BGFil_oKXcHCQ&utm_medium=api&utm_source=e1ad5111&v=8C8ACA60492C3DB38EB146A86F91857D31EC70B2,Emplois Informatique,ingénieur électrique,fr,ingénieur électrique,standard,False,False
Ingénieur MCO Electrique Nucléaire,MCA,"Bouches-du-Rhône, Provence-Alpes-Côte d'Azur","MCA est un Groupe de Conseil en Ingénierie et Hautes Technologies qui compte 1450 collaborateurs en France et à l’International. Fort de nos 30 ans d’expérience, nous accompagnons nos clients dans la réalisation de leurs projets. Nous rejoindre, c'est intégrer une entreprise dynamique qui a à cœur d’accompagner ses collaborateurs. Vous bénéficiez d'un suivi personnalisé et régulier ainsi que de nombreuses formations qui participeront à votre montée en compétences. Dans le cadre de l'accompagnem…",,,,2025-04-21T04:51:06Z,https://www.adzuna.fr/land/ad/5154918766?se=qhg2yu8o8BGFil_oKXcHCQ&utm_medium=api&utm_source=e1ad5111&v=0D93D845BC9332F00BDAE6A46A714532492E071B,Unknown,ingénieur électrique,fr,ingénieur électrique,standard,False,True
Ingénieur Moteurs Électriques (h/f) (CDI),LHH,France,"Poste : LHH Recruitment Solutions, cabinet de conseil en recrutement, intérim spécialisé, management de transition, et évaluation d'expert.e.s, cadres et dirigeant.e.s, recherche pour son client, en CDI un : Ingénieur Electrique HT/BT (H/F) : Notre client est une entreprise spécialisée dans la distribution de l’Energie Electrique basée à Meylan (38). Voici un aperçu de vos missions : - Validation et contrôle de la réception des installations électriques - Réalisation des essais électriques, méc…",,,permanent,2025-04-20T11:58:48Z,https://www.adzuna.fr/land/ad/5154335055?se=qhg2yu8o8BGFil_oKXcHCQ&utm_medium=api&utm_source=e1ad5111&v=F2F1B9299F2E8CB9A0A40E2C75DEE80C5D3A0793,Unknown,ingénieur électrique,fr,ingénieur électrique,standard,False,False
Ingénieur Réseaux Électriques h/f,Elatos,France,"DESCRIPTION IED - Innovation Energie Développement - est une société de conseil et d'ingénierie indépendante, spécialisée dans les réseaux de distribution électrique, les énergies renouvelables et le développement de projets en Afrique et en Asie. Depuis sa création en 1988 et forte d'expériences accumulées depuis plus de trois décennies, IED est reconnue dans les projets d'accès à l'énergie. Pionnière sur la thématique du développement durable et solidaire, elle mène des actions concrètes pour…",,,permanent,2025-05-01T12:24:52Z,https://www.adzuna.fr/land/ad/5172698168?se=qhg2yu8o8BGFil_oKXcHCQ&utm_medium=api&utm_source=e1ad5111&v=5608349A6CD66D52476D3B699EBA1AD8B810A889,Unknown,ingénieur électrique,fr,ingénieur électrique,standard,False,False
Ingénieur Architecture Électrique H/F,BEC Groupe,"Istres-Nord, Istres","Le Bureau d'Études B.E.C. recrute un Ingénieur Architecture Électrique ! Rejoignez-nous à Istres (13) pour participer à un projet passionnant dans le secteur aéronautique et apporter votre expertise à l'intégration électrique d'avions dans un environnement stimulant et innovant. Vos missions principales : - Valider les installations électriques et le cheminement des câblages des avions. - Travailler en collaboration avec les équipes de production, les équipes d'essais et le bureau d'études pour…",30000,40000,,2025-02-04T19:22:53Z,https://www.adzuna.fr/land/ad/5036931429?se=qhg2yu8o8BGFil_oKXcHCQ&utm_medium=api&utm_source=e1ad5111&v=89ED132F9190EA3660A3D4EF6F413BE6150C3B70,Unknown,ingénieur électrique,fr,ingénieur électrique,standard,False,False
Ingénieur Génie Electrique H/F,NGEN,"Riedisheim, Rixheim","Votre talent : transformer les problèmes en solutions. Votre mission : nous rejoindre ! NGen Est c'est : - Une équipe dynamique et motivée d'une trentaine de consultants et de six personnes coté support - Une diversité de métiers, de parcours ou bien de secteurs d'activité - Cécile avec qui vous aurez un premier entretien et qui prendra le temps de comprendre vos attentes et vos ambitions professionnelles - Une équipe restreinte et un suivi personnalisé de nos supers managers : Arthur, Joshua, …",30400,47000,,2025-02-26T06:00:12Z,https://www.adzuna.fr/land/ad/5063800908?se=qhg2yu8o8BGFil_oKXcHCQ&utm_medium=api&utm_source=e1ad5111&v=6B8B8AA80300D9AFA6F1E58E4F92DF6FF802C25B,Unknown,ingénieur électrique,fr,ingénieur électrique,standard,False,False
ET15R Ingénieur Définition Electrique (H/F),Airbus Helicopters SAS,"Marseille, Bouches-du-Rhône","Job Description: Le futur est électrique ! Rejoignez-nous pour construire ensemble l’avenir passionnant de l'ingénierie des systèmes électriques au sein d’Airbus Helicopters. Vous travaillerez dans une équipe multidisciplinaire et autonome avec pour mission de créer des solutions innovantes pour satisfaire nos clients, dans un environnement de confiance. Cette aventure basée sur l’écoute et l’entraide te permettra de développer ton savoir-faire technique autour des systèmes embarqués au service…",,,,2025-05-02T03:14:47Z,https://www.adzuna.fr/land/ad/5175029739?se=qhg2yu8o8BGFil_oKXcHCQ&utm_medium=api&utm_source=e1ad5111&v=97BEBFAFBE8DFB4408A9C507AFBDA798C5F3E5D7,Unknown,ingénieur électrique,fr,ingénieur électrique,standard,False,False
Ingénieur Maintenance Electrique - Electronique H/F,WKW France,"Valréas, Avignon","Missions principales : - Assurer le suivi et l'optimisation des équipements électriques et électroniques sur site. - Mettre en oeuvre et piloter la Gestion de Maintenance Assistée par Ordinateur (GMAO). - Diagnostiquer et résoudre les pannes électriques/électroniques pour minimiser les arrêts de production. - Participer aux projets d'amélioration continue des systèmes de maintenance. - Rédiger et mettre à jour la documentation technique (plans, schémas électriques, procédures). - Collaborer ave…",,,,2025-02-04T20:19:47Z,https://www.adzuna.fr/land/ad/5037540310?se=qhg2yu8o8BGFil_oKXcHCQ&utm_medium=api&utm_source=e1ad5111&v=845D08111A90DA104109528417C63EB7576FB708,Emplois Fabrication,ingénieur électrique,fr,ingénieur électrique,standard,False,False
Ingénieur Génie Électrique F/H,Bee Engineering,"Rennes, Ille-et-Vilaine","REJOIGNEZ LA RUCHE ! Un·e Ingénieur·e d’études Génie Électrique, c’est quoi ? C’est la personne qui réalise les études électriques sur toutes les phases d’un projet, de la faisabilité à la réalisation sur site. Il/elle dimensionnera des réseaux, cellules et protections. Il/elle rédigera des spécifi cations techniques d’équipements de transformateurs, de câbles. Il/elle pilotera techniquement les fournisseurs et sous-traitants. DEVENIR UNE ABEILLE, ÇA SE MÉRITE ! • Vous êtes issu·e d’une formati…",,,,2025-04-25T07:53:37Z,https://www.adzuna.fr/land/ad/5161837511?se=qhg2yu8o8BGFil_oKXcHCQ&utm_medium=api&utm_source=e1ad5111&v=DCE36E6D1F139103FC5461671FBB02F3B52512C8,Unknown,ingénieur électrique,fr,ingénieur électrique,standard,False,False
Ingénieur génie électrique F/H,Bee Engineering,"Nantes, Loire-Atlantique","REJOIGNEZ LA RUCHE ! Un·e Ingénieur·e d’études Génie Électrique, c’est quoi ? C’est la personne qui réalise les études électriques sur toutes les phases d’un projet, de la faisabilité à la réalisation sur site. Il/elle dimensionnera des réseaux, cellules et protections. Il/elle rédigera des spécifications techniques d’équipements de transformateurs, de câbles. Il/elle pilotera techniquement les fournisseurs et sous-traitants. DEVENIR UNE ABEILLE, ÇA SE MÉRITE ! • Vous êtes issu·e d’une formatio…",,,,2024-04-07T05:44:53Z,https://www.adzuna.fr/land/ad/4639352161?se=qhg2yu8o8BGFil_oKXcHCQ&utm_medium=api&utm_source=e1ad5111&v=C00A55C0E62C66F9C80EFE1CDF6E1FC0C468CBF0,Unknown,ingénieur électrique,fr,ingénieur électrique,standard,False,False
Ingénieur études électriques H/F,Bee Engineering,"Marseille, Bouches-du-Rhône","BEE ENGINEERING, C’EST QUI ? Bee Engineering, c’est un essaim bourdonnant né en 2010, spécialisé dans l’industrie de l’énergie et des procédés , les infrastructures et l ’industrie des transports. Nous sommes maintenant 1000 abeilles ambitieuses implantées dans 10 grandes villes en France : Paris, Lyon, Nantes/Saint Nazaire, Toulouse, Annecy, Aix-en-Provence, Mulhouse, Rennes, Rouen et Bordeaux.  REJOIGNEZ LA RUCHE ! Un(e) Ingénieur(e) études électriques H/F C’est la personne qui réalise les é…",,,,2025-04-21T04:51:22Z,https://www.adzuna.fr/land/ad/5154919195?se=qhg2yu8o8BGFil_oKXcHCQ&utm_medium=api&utm_source=e1ad5111&v=5CF5AFF9D30C827ED62897DFE3903271FA891B5D,Unknown,ingénieur électrique,fr,ingénieur électrique,standard,False,False
Ingénieur Génie Electrique (H/F),Oxiam,"Lyon, Rhône","Dans le cadre d'un renforcement de nos équipes, nous recrutons un/une Ingénieur Génie Electrique CFO/CFA. Vos missions : Vous réalisez des études et/ou des missions de Maitrise d’Œuvre, à savoir : Réalisation les études de conception dans votre spécialité CFO CFA pour l’ensemble des phases d’un projet (Concours, ESQ, APS, APD, PRO, DCE) y compris les modélisations spécifiques au métier, note d’hypothèse et note de calculs CANECO, Rédaction des pièces écrites CFO CFA SSI (Notice Technique, CCTP,…",,,,2025-04-11T05:28:05Z,https://www.adzuna.fr/land/ad/5139962313?se=qhg2yu8o8BGFil_oKXcHCQ&utm_medium=api&utm_source=e1ad5111&v=8406EFBC3EFD3C3FD5096294E6375D9FB439EDF2,Unknown,ingénieur électrique,fr,ingénieur électrique,standard,False,False
Ingénieur génie électrique H/F,EFOR,"Auvergne-Rhône-Alpes, France","Nous recherchons pour notre Business Unit en Génie électrique, des ingénieurs d’études. A ce titre, vous aurez notamment les missions suivantes : études de réseaux de distribution électrique HT / BT conception des réseaux de distribution (Schéma unifilaire) études de dimensionnement des matériels (transformateurs, batteries, câbles HT et BT etc…). rédaction des spécifications techniques de matériels HT et BT, ainsi que des marchés de travaux suivi et la validation des dossiers techniques des fo…",,,,2025-04-14T07:37:10Z,https://www.adzuna.fr/land/ad/5143865303?se=qhg2yu8o8BGFil_oKXcHCQ&utm_medium=api&utm_source=e1ad5111&v=ABA747D682C3EA78F0C0075F22F274D8F6CCA7B4,Unknown,ingénieur électrique,fr,ingénieur électrique,standard,False,False
Ingénieur faisceaux électriques H/F,Prime Engineering,"Auvergne-Rhône-Alpes, France","Créé en 2013, Prime Engineering intervient dans le domaine de l’ ingénierie et du conseil en management de projet et compte désormais plus de 700 collaborateurs répartis sur nos 10 agences ( Paris , Lyon , Nantes , Lille , Aix , Bordeaux , Grenoble , Tours , Varsovie , et Toulouse ). Labélisée « Great Place To Work » depuis 2016, Prime Engineering représente aujourd’hui l’un des acteurs majeurs du conseil opérationnel en Ingénierie en France. L’équipe Prime Engineering est composée à 80% d’ingé…",,,,2025-03-19T03:15:23Z,https://www.adzuna.fr/land/ad/5100162364?se=qhg2yu8o8BGFil_oKXcHCQ&utm_medium=api&utm_source=e1ad5111&v=6097D0C94342DCFBB49AA8F9834D4AF94AF0B86B,Unknown,ingénieur électrique,fr,ingénieur électrique,standard,False,False
Ingénieur génie électrique (F/H),Vulcain Engineering Group,"Auvergne-Rhône-Alpes, France","À propos : Vous êtes passionné par les systèmes électriques et souhaitez rejoindre une équipe d’ingénieurs travaillant sur des projets industriels d’envergure ? Nous recherchons un Ingénieur Électricité pour intervenir sur des projets variés dans les secteurs de l’énergie, du bâtiment ou de l’industrie. Missions principales : Concevoir et optimiser des systèmes électriques (HT, BT) pour des projets industriels et tertiaires. Réaliser des études électriques : calculs de câbles, dimensionnement d…",,,,2025-01-22T07:38:43Z,https://www.adzuna.fr/land/ad/5019124823?se=qhg2yu8o8BGFil_oKXcHCQ&utm_medium=api&utm_source=e1ad5111&v=021475580A07389265062979DAD92C2815924602,Unknown,ingénieur électrique,fr,ingénieur électrique,standard,False,False
Ingénieur électrique F/H,Segula Technologies,"Rueil-Malmaison, Nanterre","Description du poste Mission principale : - Réalise les bilans de puissances et les schémas unifilaire pour des installations ferroviaire. Activités : Réalisation des notes de calculs électriques : Utilisation du logiciel caneco pour dimensionner les installations électriques (protections, sections de câbles, chute de tension, sélectivité, etc.). Élaboration des bilans de puissance : Calcul et synthèse des besoins électriques des équipements ferroviaires (gares, tunnels, locaux techniques) en p…",,,,2025-04-30T03:37:29Z,https://www.adzuna.fr/details/5169700688?utm_medium=api&utm_source=e1ad5111,Emplois Ingénierie,ingénieur électrique,fr,ingénieur électrique,standard,False,False
Ingénieur Integration Electrique H/F,Consulting Technical Support,"Châteauneuf-les-Martigues, Marignane","CTS recherche un ingénieur(e) spécialisé(e) dans l'architecture de systèmes électroniques. Sous la conduite du chef de projet, vous assurerez le suivi de fournisseurs pour le développement d'équipements embarqués (Instruments, systèmes de navigation, calculateurs, capteurs). Vos principales missions sont : - Conception de l'installation électrique - Planifier et élaborer la conception de l'installation électrique, en suivant les principes de conception, depuis l'architecture initiale jusqu'aux …",,,,2025-05-04T06:04:13Z,https://www.adzuna.fr/land/ad/5179743246?se=qhg2yu8o8BGFil_oKXcHCQ&utm_medium=api&utm_source=e1ad5111&v=C0D9D16BE76D48E0436773B2A6F1214996DD9943,Unknown,ingénieur électrique,fr,ingénieur électrique,standard,False,False
Ingénieur Électrique H/F,Akkodis,France,"La ligne de service Consulting & Solutions d'Akkodis France renforce ses équipes en région Ile-de-France et recrute un Ingénieur Electrique H/F en CDI. En tant qu'Ingénieur Électrique, vous serez responsable de : - La conception, l'étude et le développement de systèmes électriques pour des projets industriels ou d'infrastructure. - Le dimensionnement et le choix des composants électriques (transformateurs, disjoncteurs, câbles, systèmes de distribution). - La création et la vérification des sch…",,,,2025-03-07T06:08:38Z,https://www.adzuna.fr/details/5080288961?utm_medium=api&utm_source=e1ad5111,Unknown,ingénieur électrique,fr,ingénieur électrique,standard,False,False
Ingénieur Électrique H/F,Candidate Front Office Akka Group,France,"Informations générales Métier OPERATIONS - ENGINEERING/PRODUCTION Intitulé du poste Ingénieur Électrique H/F Contrat CDI Temps de travail Temps plein Description de la mission La ligne de service Consulting & Solutions d’Akkodis France renforce ses équipes en région Ile-de-France et recrute un Ingénieur Electrique H/F en CDI. En tant qu'Ingénieur Électrique, vous serez responsable de : - La conception, l’étude et le développement de systèmes électriques pour des projets industriels ou d'infrast…",,,,2025-03-09T17:19:27Z,https://www.adzuna.fr/details/5084194197?utm_medium=api&utm_source=e1ad5111,Unknown,ingénieur électrique,fr,ingénieur électrique,standard,False,False
Ingénieur Électrique H/F,DAVRICOURT,"La Défense, Courbevoie","Dans le cadre de la réalisation d'un projet en assistance technique pour l'un de nos clients du secteur de l'énergie, nous recrutons un(e) ingénieur(e) électrique (H/F). Vous interviendrez sur le site client situé en Ile-de-France. En tant qu'ingénieur(e) électrique, vous interviendrez sur des projets de conception détaillée, des concepts et des propositions. Vos missions quotidiennes seront les suivantes : - Fixer les spécifications techniques ; - Superviser des dessinateurs et des sous-traita…",,,,2025-04-29T06:20:14Z,https://www.adzuna.fr/details/5167844542?utm_medium=api&utm_source=e1ad5111,Emplois Informatique,ingénieur électrique,fr,ingénieur électrique,standard,False,False
Ingénieur Electrique H/F,ALTEN,"Talence, Bordeaux","Vous intervenez sur le site de notre client, un industriel du nucléaire en Gironde, proche de Bordeaux. En tant qu'ingénieur Electrique, vous évoluerez en sein du Bureau d'Etude. Projet technique : - Réaliser des analyses de besoin et des spécifications systèmes électriques, - Réaliser des études de conception, de modification et de dimensionnement des systèmes électriques et équipements associés, - Piloter de manière opérationnelle des lots de travaux d'études Courants Forts confiés au bureau …",,,,2025-04-29T06:21:05Z,https://www.adzuna.fr/details/5167845258?utm_medium=api&utm_source=e1ad5111,Emplois Informatique,ingénieur électrique,fr,ingénieur électrique,standard,False,False
Ingénieur Électrique H/F,GIF emploi,"Villeurbanne, Lyon","GIF EMPLOI RHONE ALPES est une entreprise de travail temporaire et de recrutement spécialisée dans les métiers techniques, bureaux d'études et ingénieries. Vous souhaitez integrer une entreprise composée d'une équipe dynamique ? Vous êtes au bon endroit car nous recherchons pour l'un de nos clients spécialisé en ingénierie, un Ingénieur électrique (H/F). Vos missions : - Etudes, analyses des besoins électriques d'un projet - Etudes de conception, dimensionnements et améliorations des installati…",33000,43000,,2025-04-10T04:26:10Z,https://www.adzuna.fr/details/5138080040?utm_medium=api&utm_source=e1ad5111,Unknown,ingénieur électrique,fr,ingénieur électrique,standard,False,False
Ingénieur électrique (H/F/D),GIF emploi,"Villeurbanne, Lyon","GIF EMPLOI RHONE ALPES est une entreprise de travail temporaire et de recrutement spécialisée dans les métiers techniques, bureaux d’études et ingénieries. Vous souhaitez integrer une entreprise composée d'une équipe dynamique ? Vous êtes au bon endroit car nous recherchons pour l'un de nos clients spécialisé en ingénierie, un Ingénieur électrique (H/F). Vos missions : Etudes, analyses des besoins électriques d’un projet Etudes de conception, dimensionnements et améliorations des installations …",,,permanent,2025-04-10T17:01:09Z,https://www.adzuna.fr/details/5138830284?utm_medium=api&utm_source=e1ad5111,Emplois Ingénierie,ingénieur électrique,fr,ingénieur électrique,standard,False,False
Ingénieur Électrique H/F,Odyssée RH,"Élancourt, Versailles","Nous recherchons un(e) Ingénieur(e) Electrique créatif(ve) et innovant(e) pour rejoindre le site d'Élancourt (78). Au sein du bureau d'études et sous la direction du Team leader, vous aurez l'opportunité de : Améliorer en continu les équipements de pointe Proposer des solutions techniques avant-gardistes Concevoir des systèmes électriques de pointe avec des IHM intuitives Assurer la maintenance et l'évolution des composants et systèmes Participer au développement de nouveaux produits révolution…",60000,65000,,2025-04-24T07:16:59Z,https://www.adzuna.fr/details/5159566882?utm_medium=api&utm_source=e1ad5111,Unknown,ingénieur électrique,fr,ingénieur électrique,standard,False,False
Ingénieur Électrique H/F,Tata Steel Maubeuge,"Maubeuge, Avesnes-sur-Helpe","Rattaché(e) au support technique, l'Ingénieur Electrique organise et supervise des activités de maintenance de son domaine dans un objectif de fiabilisation des moyens et outils de production selon les normes de santé, sécurité et environnement définies. Il intervient en tant qu'expert électrique. Ses missions : Fiabilisation, conformité réglementaire, amélioration continue et interventions - Proposer et mettre en oeuvre des solutions de mise aux normes en cas de non-conformités ; - S'assurer d…",36000,41000,,2025-02-04T19:23:09Z,https://www.adzuna.fr/details/5036934936?utm_medium=api&utm_source=e1ad5111,Emplois Fabrication,ingénieur électrique,fr,ingénieur électrique,standard,False,False
Ingénieur Electrique H/F,Olys Engineering,"Pont-Rousseau, Rezé","Nous recrutons un.e Ingénieur.e Électrique qualifié.e pour le secteur nucléaire. Sous la responsabilité du responsable technique, en conformité avec les processus techniques et les procédures spécifiques des projets, vous serez en charge des missions suivantes : - Réaliser des calculs de dimensionnement électrique et rédiger des feuilles de bobinage, en conformité avec les exigences client, ainsi que préparer des documents contractuels (data sheets, calculs justificatifs). - Intégrer des études…",40000,45000,,2025-04-17T04:27:19Z,https://www.adzuna.fr/details/5148722464?utm_medium=api&utm_source=e1ad5111,Emplois Informatique,ingénieur électrique,fr,ingénieur électrique,standard,False,False
INGENIEUR ELECTRIQUE F/H,ARIAL INDUSTRIES,"Martigues, Istres","NOS OPPORTUNITES / LES MISSIONS Dans le cadre de nos projets dans le secteur aéronautique, nous recherchons un Ingénieur Architecte Electrique (H/F). Le poste est à pourvoir à Vitrolles. Les missions proposées : - Etudes d’architecture électrique, - Analyses V&V, - Support à la certification, - Résolution des incidents en service, - Analyse de modifications, préparation des dossiers de définition de schématiques - électriques, - Dimensionnement des câbles (calcul de gauges, perte de courant, …)…",33000,45000,permanent,2025-04-19T07:47:08Z,https://www.adzuna.fr/details/5152802362?utm_medium=api&utm_source=e1ad5111,Emplois Ingénierie,ingénieur électrique,fr,ingénieur électrique,standard,False,False
Ingenieur Electrique H/F,ARIAL INDUSTRIES,"Vitrolles, Istres","QUI SOMMES-NOUS ? ARIAL Industries, créée en 2001, est une société d'ingénierie et d'assistance technique en forte croissance dans les métiers de la mécanique, de l'électricité et des systèmes embarqués. Nous intervenons sur le plan national et européen pour des programmes d'envergure auprès des grands comptes des secteurs aéronautique, automobile, spatial, énergies et défense. NOS VALEURS ? Notre politique RH est construite autour d'un maître mot, l'Humain. Nous souhaitons promouvoir le sens d…",33000,45000,,2025-02-04T20:09:13Z,https://www.adzuna.fr/details/5037381094?utm_medium=api&utm_source=e1ad5111,Emplois Informatique,ingénieur électrique,fr,ingénieur électrique,standard,False,False
INGÉNIEUR ÉLECTRIQUE F/H,GROUPE AVANTIS ENGINEERING,"Montigny-le-Bretonneux, Versailles","Dans la continuité du développement de notre activité nous recherchons : UN INGÉNIEUR ÉLECTRIQUE H/F Pour la réalisation de vos missions, vous devrez : ? Assurer l'amélioration continue des équipements développés ; ? Analyser la commande client et proposer des solutions techniques ; ? Concevoir l'ensemble du système de pilotage, chaines d'entrainement et de sécurité du produit en définissant les matériels nécessaires ainsi que les interfaces hommes/machine permettant l'utilisation du produit ; …",40000,46000,permanent,2025-04-30T07:49:02Z,https://www.adzuna.fr/details/5169997076?utm_medium=api&utm_source=e1ad5111,Emplois Ingénierie,ingénieur électrique,fr,ingénieur électrique,standard,False,False
Ingénieur Electrique F/H,OLYS ENGINEERING,"Nantes, Loire-Atlantique","Nous recrutons un.e Ingénieur.e Électrique qualifié.e pour le secteur nucléaire. Sous la responsabilité du responsable technique, en conformité avec les processus techniques et les procédures spécifiques des projets, vous serez en charge des missions suivantes : Réaliser des calculs de dimensionnement électrique et rédiger des feuilles de bobinage, en conformité avec les exigences client, ainsi que préparer des documents contractuels (data sheets, calculs justificatifs). Intégrer des études réa…",40000,45000,permanent,2025-04-17T07:46:34Z,https://www.adzuna.fr/details/5149026325?utm_medium=api&utm_source=e1ad5111,Emplois Ingénierie,ingénieur électrique,fr,ingénieur électrique,standard,False,False
Ingénieur Génie Electrique Expérimenté H/F,Segula Technologies,"Davézieux, Annonay","Dans le cadre de projets d'industrialisation dans le secteur du véhicule industriel, vous effectuez des contrôles fonctionnels sur les véhicules en cours de montage afin de résoudre les problèmes de qualité. - Vous effectuez un diagnostic et une analyse complète des défauts EE ou des pannes sur les véhicules au montage : conditions, problématique technique, impacts. - Vous rédigez une fiche de synthèse détaillée et des fiches d'autocontrôle. - Vous proposez une solution technique pour résoudre …",,,,2025-04-04T04:12:08Z,https://www.adzuna.fr/land/ad/5128451332?se=qhg2yu8o8BGFil_oKXcHCQ&utm_medium=api&utm_source=e1ad5111&v=B8C1FDB4EEDFF44C8BF863D997A25A6D8BB540CE,Unknown,ingénieur électrique,fr,ingénieur électrique,standard,False,False
Ingénieur Electrique H/F,LTd,"Paris, Ile-de-France","Préparation et conception : Rédiger des notes de calcul d'ingénierie, réaliser des relevés de quantité de matériaux, des estimations, des enquêtes et des conceptions. Calculs de conception : Effectuer les calculs de conception pour les réseaux de distribution basse, moyenne et haute tension, en utilisant des outils comme ETAP et Caneco pour le dimensionnement, les courts-circuits, la sélectivité et le câblage. Validation et supervision : Préparer et valider les documents d'ingénierie tels que l…",,,permanent,2025-04-26T00:49:09Z,https://www.adzuna.fr/details/5163116459?utm_medium=api&utm_source=e1ad5111,Emplois Ingénierie,ingénieur électrique,fr,ingénieur électrique,standard,False,False
Ingénieur électrique F/H,REEL,France,"Se rapportant au directeur du département électrique, le candidat sélectionné devra contribuer à la réalisation parallèle de plusieurs projets. Dans ces activités, il devra interagir avec les membres des départements d'ingénierie mécanique et automatisation ainsi qu'avec l'atelier de fabrication. Il agira également à titre de ressource technique spécialisée lors des réunions, rencontre avec les clients ou avec les fournisseurs. Tâches et responsabilités : Production de descriptions fonctionnell…",,,permanent,2025-04-16T07:44:57Z,https://www.adzuna.fr/details/5146945436?utm_medium=api&utm_source=e1ad5111,Emplois Maintenance,ingénieur électrique,fr,ingénieur électrique,standard,False,False
Ingénieur électrique F/H,STE4PS,"Strasbourg, Strasbourg-Ville","Vous êtes passionné par le génie électrique et prêt à relever des défis stimulants au sein d'une équipe innovante ? Alors cette opportunité est faite pour vous  Dans un environnement de travail axé sur l'excellence technique et la collaboration, vous serez en charge de projets variés qui vous permettront de développer vos compétences et d'atteindre vos objectifs professionnels. Vos missions incluront notamment : - Concevoir, développer et améliorer des systèmes électriques pour répondre aux bes…",,,permanent,2025-03-07T14:35:21Z,https://www.adzuna.fr/details/5081026889?utm_medium=api&utm_source=e1ad5111,Emplois Ingénierie,ingénieur électrique,fr,ingénieur électrique,standard,False,False
Ingénieur Electrique F/H,EPSYL,"Versailles, Yvelines","Vos missions Assurer l’amélioration continue des équipements développés Analyser la commande client et proposer des solutions techniques Concevoir l’ensemble du système de pilotage, chaines d’entrainement et de sécurité du produit en définissant les matériels nécessaires ainsi que les interfaces hommes/machine permettant l’utilisation du produit Responsabilité technique et maintenance du cycle de vie des composants et des systèmes de commande. Concevoir et/ou dessiner les plans électriques / él…",30000,30000,permanent,2025-04-12T08:27:51Z,https://www.adzuna.fr/details/5141841247?utm_medium=api&utm_source=e1ad5111,Emplois Informatique,ingénieur électrique,fr,ingénieur électrique,standard,False,False
Ingénieur Électrique F/H,Baldwin Partners,"Saint-Nazaire, Loire-Atlantique","Notre client est un grand acteur du monde naval. Dans le cadre d'un lancement d'un nouveau programme, notre client nous sollicite pour l’accompagner car la charge est forte. Notre client conçoit et fabrique des armoires de puissances pour variateurs moteurs ou pour batteries de sous-marins. Quelles sont les grandes tâches du poste ? Choix de câbles schémas de routages dimensionnement des disjoncteurs choix d'organes de disjonction et connecteurs Vous êtes issus d'une formation Ingénieur ou équi…",35000,40000,permanent,2025-04-19T07:47:09Z,https://www.adzuna.fr/details/5152802574?utm_medium=api&utm_source=e1ad5111,Emplois Consultants,ingénieur électrique,fr,ingénieur électrique,standard,False,False
Ingénieur Électrique H/F,Segula Technologies,"Rueil-Malmaison, Nanterre","Mission principale : - Réalise les bilans de puissances et les schémas unifilaire pour des installations ferroviaire. Activités : - Réalisation des notes de calculs électriques : Utilisation du logiciel caneco pour dimensionner les installations électriques (protections, sections de câbles, chute de tension, sélectivité, etc.). - Élaboration des bilans de puissance : Calcul et synthèse des besoins électriques des équipements ferroviaires (gares, tunnels, locaux techniques) en phase de conceptio…",,,,2025-05-01T07:16:48Z,https://www.adzuna.fr/details/5171880596?utm_medium=api&utm_source=e1ad5111,Unknown,ingénieur électrique,fr,ingénieur électrique,standard,False,False
Ingénieur électrique F/H,SEGULA TECHNOLOGIES,"Rueil-Malmaison, Nanterre","Mission principale : - Réalise les bilans de puissances et les schémas unifilaire pour des installations ferroviaire. Activités : Réalisation des notes de calculs électriques : Utilisation du logiciel caneco pour dimensionner les installations électriques (protections, sections de câbles, chute de tension, sélectivité, etc.). Élaboration des bilans de puissance : Calcul et synthèse des besoins électriques des équipements ferroviaires (gares, tunnels, locaux techniques) en phase de conception et…",,,permanent,2025-05-03T08:02:54Z,https://www.adzuna.fr/details/5177989808?utm_medium=api&utm_source=e1ad5111,Emplois Ingénierie,ingénieur électrique,fr,ingénieur électrique,standard,False,False
Ingénieur Électrique H/F,Nextgen RH,"Plaisir, Versailles","Votre mission principale sera d'apporter une expertise sur la partie électrique à l'équipe. Sous la responsabilité du Team Leader, vos missions seront : - Concevoir et améliorer les systèmes de pilotage des produits, incluant les chaînes d'entraînement et de sécurité. - Analyser les besoins des clients et proposer des solutions techniques adaptées. - Définir les interfaces homme/machine pour une utilisation optimale des équipements. - Élaborer les plans électriques et électroniques via CAO/DAO …",,,,2025-03-12T06:44:29Z,https://www.adzuna.fr/details/5088172822?utm_medium=api&utm_source=e1ad5111,Unknown,ingénieur électrique,fr,ingénieur électrique,standard,False,False
Ingénieur Électrique H/F,Baldwin Partners,"Montoir-de-Bretagne, Saint-Nazaire","Notre client est un grand acteur du monde naval. Dans le cadre d'un lancement d'un nouveau programme, notre client nous sollicite pour l'accompagner car la charge est forte. Notre client conçoit et fabrique des armoires de puissances pour variateurs moteurs ou pour batteries de sous-marins. Quelles sont les grandes tâches du poste ? - Choix de câbles - Schémas de routages - Dimensionnement des disjoncteurs - Choix d'organes de disjonction et connecteurs. Intégrer Baldwin Partners, c'est avoir l…",35000,40000,,2025-04-18T04:48:54Z,https://www.adzuna.fr/details/5150945286?utm_medium=api&utm_source=e1ad5111,Unknown,ingénieur électrique,fr,ingénieur électrique,standard,False,False
Ingénieur Électrique H/F,Sofren,"Saint-Cloud, Boulogne-Billancourt","Ingénierie électrique à tous les stades du projet : - Études de faisabilité, conception, conception de base, ingénierie de détail et études de conception. - Élaborer des normes internes et des critères de conception spécifiques pour la conception électrique. - Optimiser la conception pour respecter les exigences de sécurité tout en limitant les coûts. - Rédiger et réviser les documents/notes techniques (critères de conception électrique, spécifications générales de mise à la terre, manuel d'exp…",,,,2025-02-11T03:18:24Z,https://www.adzuna.fr/details/5045399863?utm_medium=api&utm_source=e1ad5111,Unknown,ingénieur électrique,fr,ingénieur électrique,standard,False,False
Ingénieur Électrique H/F,Steps,"Bas-Rhin, Grand-Est","Pour le compte d'un de nos clients, vous intégrerez une équipe dédiée à la transformation des infrastructures de transport. Dans ce cadre, vos responsabilités seront les suivantes : - Réaliser des études électriques précises pour la conception, l'industrialisation et l'installation des améliorations vendues aux clients dans le secteur du transport. - Respecter rigoureusement les standards éthiques ainsi que les normes de qualité et de sécurité environnementale (EHS). - Participer activement à l…",,,,2025-02-12T03:38:09Z,https://www.adzuna.fr/details/5046783324?utm_medium=api&utm_source=e1ad5111,Emplois Fabrication,ingénieur électrique,fr,ingénieur électrique,standard,False,False
Ingénieur électrique haute tension h/f,XS GROUPE,"Riedisheim, Rixheim",Vous avez une première expérience en conception électrique orientée haute tension ? Vous souhaitez mettre vos compétences au service d'une entreprise d'accompagnement en ingénierie qui travaille sur des sujets d'innovation ? Rejoignez XS Groupe sur ce poste à pourvoir au plus vite à proximité de Mulhouse ! VOS MISSIONS Au sein d'un bureau d'études multi-disciplinaire vous développez la partie électrique de systèmes d'entrainement / de systèmes de propulsion électrique : - Vous réalisez la conce…,42000,52000,,2025-03-25T11:41:45Z,https://www.adzuna.fr/details/5109911911?utm_medium=api&utm_source=e1ad5111,Emplois Scientifiques et AQ,ingénieur électrique,fr,ingénieur électrique,standard,False,False
Ingenieur batiment electrique h/f (CDI),ADH Hommes et Stratégie,France,"Poste : Rattaché(e) au chef du service ""installations de surface"", vous participez à la préparation des futurs marchés d'études et de construction pour les infrastructures d'alimentation électrique, qu'il s'agisse des réseaux principaux ou de secours. Vous interviendrez notamment sur la conception des postes HTA/THB, des sous-stations électriques, des centrales de secours, ainsi que sur les installations de production d'eau glacée et les chaufferies. En parallèle, vous assisterez l'ingénieur en…",,,permanent,2025-05-03T04:45:18Z,https://www.adzuna.fr/land/ad/5177732943?se=HEkZzO8o8BGT4w9x5LWCew&utm_medium=api&utm_source=e1ad5111&v=D6066F2F90CBE0ED7A19AB3B99FECA3E9D4BFD3E,Unknown,ingénieur électrique,fr,ingénieur électrique,standard,False,False
Ingénieur Moteurs Électriques (h/f),LHH,"Meylan, Grenoble","Votre mission LHH Recruitment Solutions, cabinet de conseil en recrutement, intérim spécialisé, management de transition, et évaluation d'expert.e.s, cadres et dirigeant.e.s, recherche pour son client, en CDI un : Ingénieur Electrique HT/BT (H/F) : Notre client est une entreprise spécialisée dans la distribution de l'Energie Electrique basée à Meylan (38). Voici un aperçu de vos missions : - Validation et contrôle de la réception des installations électriques - Réalisation des essais électrique…",,,,2025-05-02T17:09:58Z,https://www.adzuna.fr/land/ad/5176460593?se=HEkZzO8o8BGT4w9x5LWCew&utm_medium=api&utm_source=e1ad5111&v=89682B4B08C8A3BAEB7DD6F41EA588E2C9501261,Unknown,ingénieur électrique,fr,ingénieur électrique,standard,False,False
Ingénieur Industrialisation Electrique H/F,Alstom,"Onnaing, Anzin","Req ID :481597 Chez Alstom, nous avons une connaissance pointue des réseaux de transport et comprenons ce qui conduit les individus à les emprunter. Des trains à grande vitesse, métros, monorails et tramways aux systèmes intégrés, services, infrastructures, et solutions de signalisation et de mobilité numérique, nous offrons à la diversité de nos clients le portefeuille le plus vaste du secteur. Chaque jour, plus de 80000collaborateurs dans le monde qui ouvrent la voie à des solutions de mobili…",,,,2025-04-16T04:52:06Z,https://www.adzuna.fr/land/ad/5146784056?se=HEkZzO8o8BGT4w9x5LWCew&utm_medium=api&utm_source=e1ad5111&v=F9FE6F41DBDA5300185464EC97C192CC317E00F5,Unknown,ingénieur électrique,fr,ingénieur électrique,standard,False,False
Ingénieur Génie Électrique - Confirmé H/F,TECHNICATOME,"Peyrolles-en-Provence, Aix-en-Provence","Au sein de la Direction de l'Ingéniérie de TechnicAtome, vous êtes rattaché au métier « Système et Equipements Electriques ». Cette équipe conçoit, réalise, met en service et maintient en conditions opérationnelles les systèmes électriques des chaufferies nucléaires de propulsion navale et d'installations nucléaires complexes. Vous rejoignez le projet Reacteur Jules Horowitz (RJH) du CEA Cadarache, un réacteur civil dédié à la réalisation d''expériences scientifiques et à la production d'isotop…",,,,2025-03-04T06:07:14Z,https://www.adzuna.fr/land/ad/5073413734?se=HEkZzO8o8BGT4w9x5LWCew&utm_medium=api&utm_source=e1ad5111&v=EAEB57CDFC2B070A64F32B1AA9B226AB60DBD73E,Emplois Fabrication,ingénieur électrique,fr,ingénieur électrique,standard,False,False
INGENIEUR SYSTEME ELECTRIQUE - EIA,TOUTECHNICIENS,"Moissy-Cramayel, Seine-et-Marne","Notre client, acteur aéronautique reconnu, recherche un Ingénieur systèmes électrique - EIA (h/f) rattaché au département Moyens d'essais de la Division Essais Sol et Vol doit développer des systèmes pour les bancs d'essais sol et sur avion. Dans ce contexte, les missions qui vous seront confiées consisteront à concevoir et à réaliser ces installations d'essais dans le domaine de l'électrotechnique. Il vous sera, en particulier, demandé d'être capable de : - Consolider toutes les données (utili…",,,contract,2025-05-01T12:28:04Z,https://www.adzuna.fr/land/ad/5172724634?se=HEkZzO8o8BGT4w9x5LWCew&utm_medium=api&utm_source=e1ad5111&v=5494F2576AB605CCD2697163C816CCBC12AD9A78,Unknown,ingénieur électrique,fr,ingénieur électrique,standard,False,False
Ingenieur Systeme Electrique H/F,Kicklox,"Pyrénées-Atlantiques, Nouvelle-Aquitaine","Au sein du Département sous la responsabilité du Directeur du Département Énergie et Technologies de l'Information, il/elle agira comme expert et gestionnaire technique de projets et sera notamment chargé de la préparation et de la réalisation de missions d'assistance technique, en étroite collaboration avec les autres membres de l'équipe ainsi qu'avec nos partenaires nationaux et internationaux. Il/elle contribuera au développement des activités de la société dans le secteur des études liées a…",40000,60000,,2025-02-04T19:44:48Z,https://www.adzuna.fr/land/ad/5037173696?se=HEkZzO8o8BGT4w9x5LWCew&utm_medium=api&utm_source=e1ad5111&v=BA8EF67476111863269BB6B350C385940459D52B,Unknown,ingénieur électrique,fr,ingénieur électrique,standard,False,False
Ingénieur conception électrique/Ingénieure conception électrique,NEO2,France,"À propos de l'entreprise Pour accompagner la croissance du groupe, nous cherchons à renforcer notre équipe étude. Devenir consultant chez NEO2 c’est : Être acteur de sa carrière en ayant des possibilités d’évolutions multiples (métier, secteur, région). Pouvoir travailler sur des projets avec une dimension environnementale (30% de nos projets participent à rendre l’industrie plus durable) Avoir un suivi managérial fort En rejoignant nos équipes en tant qu'Ingénieur d'études Electrique. Vous int…",,,,2025-04-25T05:36:46Z,https://www.adzuna.fr/land/ad/5161663873?se=HEkZzO8o8BGT4w9x5LWCew&utm_medium=api&utm_source=e1ad5111&v=ABE66DCF640545C452A63F1CFDE4BC4D309F55AD,Unknown,ingénieur électrique,fr,ingénieur électrique,standard,False,False
Ingénieur conception électrique/Ingénieure conception électrique,INNOVATEAM x AWAKE,France,"À propos de l’offre d’emploi ⚡️ La team recrute : toi aussi, deviens un InnovActeur ⚡️ Qui sommes-nous ?  En 2024, nous rassemblons l’ensemble de nos activités au sein d’AWAKE Group, pour accélérer les innovations environnementales et responsables dans l’industrie.  AWAKE Group, c’est : d’un côté INNOVATEAM, acteur de référence du conseil en ingénierie de l’autre AWAKE, notre expertise dédiée aux projets à forte valeur ajoutée environnementale et responsable, qui se déploie en France et en Belg…",,,,2025-04-26T06:24:08Z,https://www.adzuna.fr/land/ad/5163443331?se=HEkZzO8o8BGT4w9x5LWCew&utm_medium=api&utm_source=e1ad5111&v=01F33D408F97874616433920C9D428A1E41C3C63,Unknown,ingénieur électrique,fr,ingénieur électrique,standard,False,False
Ingénieur conception électrique/Ingénieure conception électrique,ALTEN,"Lyon, Rhône","Description de l'entreprise Leader de l'Ingénierie et des Entreprise IT Services, ALTEN regroupe près de 57000 collaborateurs, dont 88% d'ingénieurs. Présent dans plus de 30 pays, le Groupe accompagne la stratégie de développement de ses clients dans les domaines de l'innovation, de la R&D et des systèmes d'information technologiques.  Rejoindre ALTEN, c'est la promesse de participer, en France comme à l'International, aux projets technologiques les plus innovants. Labellisé ""Top employeur"" 202…",,,,2025-04-06T10:07:51Z,https://www.adzuna.fr/land/ad/5132204945?se=HEkZzO8o8BGT4w9x5LWCew&utm_medium=api&utm_source=e1ad5111&v=D530872C460FA2CB58F461F463603006025CC88F,Unknown,ingénieur électrique,fr,ingénieur électrique,standard,False,True
Ingénieur génie électrique Mobilité F/H,AIA Life Designers,"Paris, Ile-de-France","Qui nous sommes ? Chaque projet développé par AIA Life Designers est un engagement à proposer des solutions architecturales innovantes, soutenues par une réflexion constante des équipes lors de nos ateliers d’excellence (Santé, Enseignement, Mixité urbaine, Ville Ressource). Pour penser l’avenir de nos villes et concevoir des ouvrages qui contribueront à la santé et au bien-être des populations futures. AIA Life Designers se classe parmi les plus importants cabinets d’architecture de France. No…",,,,2025-04-30T07:24:02Z,https://www.adzuna.fr/land/ad/5169960455?se=HEkZzO8o8BGT4w9x5LWCew&utm_medium=api&utm_source=e1ad5111&v=1A94E03E12DC002463BAAEDFCD6172313EA1C1F3,Unknown,ingénieur électrique,fr,ingénieur électrique,standard,False,False
Ingénieur conception électrique H/F (CDI),LHH,France,"Poste : Ceva, entreprise leader dans la santé animale, développe des solutions innovantes pour le bien-être des animaux. Basée à Libourne, en Nouvelle-Aquitaine, elle est la première entreprise française et la cinquième mondiale dans son secteur. Que fait Céva santé animale à Plouédern ? L'usine de Plouédern, situé à 20km de Brest, propose des solutions pour couvoirs d'œufs axées sur la vaccination in ovo, permettant d'immuniser les poussins avant l'éclosion contre des maladies courantes. Cette…",,,permanent,2025-04-20T20:13:13Z,https://www.adzuna.fr/land/ad/5154665060?se=HEkZzO8o8BGT4w9x5LWCew&utm_medium=api&utm_source=e1ad5111&v=397BECAF81ABB7E8C577116627D469B2552A43E3,Unknown,ingénieur électrique,fr,ingénieur électrique,standard,False,False
Ingenieur Électrique Ferroviaire H/F,agap2 France,"Saint-Cloud, Boulogne-Billancourt","En tant qu ingénieur électrique, vous avez pour mission de : Étude de l intégration fonctionnelle électrique du train (accéléromètre, nouveaux radars, des nouvelles signalisations) Création de schéma de câblage sur le logiciel E3Série Création de la liste des câbles détaillées avec l outil VBA d Excel Manager la partie câblage du train : Mise à jour de la liste des câbles, interlocuteur direct avec l équipe de production, assurer la gestion des délais, résolution des problèmes Vérification des …",30000,50000,,2025-04-09T05:24:26Z,https://www.adzuna.fr/details/5136578492?utm_medium=api&utm_source=e1ad5111,Unknown,ingénieur électrique,fr,ingénieur électrique,standard,False,False
INGENIEUR ÉLECTRIQUE FERROVIAIRE F/H,Agap2 France,"Boulogne-Billancourt, Hauts-de-Seine","En tant qu ingénieur électrique, vous avez pour mission de : Étude de l intégration fonctionnelle électrique du train (accéléromètre, nouveaux radars, des nouvelles signalisations) Création de schéma de câblage sur le logiciel E3Série Création de la liste des câbles détaillées avec l outil VBA d Excel Manager la partie câblage du train : Mise à jour de la liste des câbles, interlocuteur direct avec l équipe de production, assurer la gestion des délais, résolution des problèmes Vérification des …",30000,50000,permanent,2025-04-10T08:51:30Z,https://www.adzuna.fr/details/5138460726?utm_medium=api&utm_source=e1ad5111,Emplois Distribution et Entrepôts,ingénieur électrique,fr,ingénieur électrique,standard,False,False
Ingénieur Électrique Terrain H/F,Rethic,"Rhône, Auvergne-Rhône-Alpes","LE POSTE : En tant qu'Ingénieur Electrique, vous êtes le référent sur les sujets liés au câblage et raccordement électrique des parcs éoliens. Votre mission principale réside dans les phases d'exploitation et de construction mise en service, où les services de gestion de projet et de maintenance feront appel à vous pour tous les sujets liés au réseau HT. En outre, vous serez sollicités sur le développement de projets et le repowering pour amener vos retours d'expérience sur les nouveaux projets…",50000,60000,,2025-04-04T03:28:46Z,https://www.adzuna.fr/details/5128367896?utm_medium=api&utm_source=e1ad5111,Unknown,ingénieur électrique,fr,ingénieur électrique,standard,False,False
Ingénieur Électrique Field H/F,Rethic,"Betton, Rennes","LE POSTE : En tant qu'Ingénieur Electrique, vous êtes le référent sur les sujets liés au câblage et raccordement électrique des parcs éoliens. Votre mission principale réside dans les phases d'exploitation et de construction mise en service, où les services de gestion de projet et de maintenance feront appel à vous pour tous les sujets liés au réseau HT. En outre, vous serez sollicités sur le développement de projets et le repowering pour amener vos retours d'expérience sur les nouveaux projets…",50000,60000,,2025-04-04T03:28:43Z,https://www.adzuna.fr/details/5128367819?utm_medium=api&utm_source=e1ad5111,Unknown,ingénieur électrique,fr,ingénieur électrique,standard,False,False
Ingénieur Réseaux Électriques H/F,Elatos,"Tassin-la-Demi-Lune, Lyon","DESCRIPTION IED - Innovation Energie Développement - est une société de conseil et d'ingénierie indépendante, spécialisée dans les réseaux de distribution électrique, les énergies renouvelables et le développement de projets en Afrique et en Asie. Depuis sa création en 1988 et forte d'expériences accumulées depuis plus de trois décennies, IED est reconnue dans les projets d'accès à l'énergie. Pionnière sur la thématique du développement durable et solidaire, elle mène des actions concrètes pour…",,,,2025-04-24T05:29:02Z,https://www.adzuna.fr/land/ad/5159457670?se=HEkZzO8o8BGT4w9x5LWCew&utm_medium=api&utm_source=e1ad5111&v=4D370E3DEE38084C571B71F18E1B6494CD552ECD,Unknown,ingénieur électrique,fr,ingénieur électrique,standard,False,False
Ingénieur Projet Électrique H/F,OneSide Technologies,"Levallois-Perret, Nanterre","Gestion de Projet : - Planifier, organiser et assurer le suivi des projets dans le respect des délais et des budgets. - Coordonner les équipes internes et externes (fournisseurs, sous-traitants, bureaux d'études). - Suivre les indicateurs de performance et réaliser les reportings. Conception et Dessin Technique : - Réaliser des plans et schémas à l'aide d'AutoCAD et Inventor. - Assurer la mise à jour et l'archivage des documents techniques. Compétences Techniques : - Intervenir sur des projets …",,,,2025-04-30T11:51:14Z,https://www.adzuna.fr/land/ad/5170264749?se=HEkZzO8o8BGT4w9x5LWCew&utm_medium=api&utm_source=e1ad5111&v=1D39BEF9C481D5044233E96DE252DE51DDB8C7A2,Emplois Informatique,ingénieur électrique,fr,ingénieur électrique,standard,False,False
Ingénieur Génie Electrique H/F,Page Personnel,"Aubagne-Est, Marseille","Sous la responsabilité du Responsable BE, l'Ingénieur Génie Electrique a pour missions : * Concevoir et maintenir à jour les armoires électroniques, * Définition et mise en plan de faisceaux électriques, * Création de l'interface logiciel de contrôle, * Réalisation des tests et validation des systèmes, * Rédaction des documents techniques référents, * Ajout et gestion des références des plans et des logiciels dans la base de données, * Participer à la mise en place des nouveaux projets de systè…",37000,40000,,2025-05-04T06:14:04Z,https://www.adzuna.fr/land/ad/5179747857?se=HEkZzO8o8BGT4w9x5LWCew&utm_medium=api&utm_source=e1ad5111&v=1DEE502BB27B5DD28BF91C32A573FC4A03152184,Unknown,ingénieur électrique,fr,ingénieur électrique,standard,False,False
Ingénieur Génie Electrique H/F,Consulting Technical Support,"Argonay, Annecy","Dans le cadre de notre développement, nous recherchons un Ingénieur faisceaux électrique expérimenté (H/F) sur Annecy (74). Vous aurez en charge la réalisation des études et la conception des faisceaux électriques, les tâches seront réalisées par dossier complet en autonomie. Vous possédez un expérience solide en conception et études de faisceaux électriques sur tous types de véhicules : voitures, agricole, chantier La maîtrise d'un logiciel de type See electrical est nécessaire, néanmoins le l…",35000,45000,,2025-05-04T06:14:07Z,https://www.adzuna.fr/land/ad/5179747992?se=HEkZzO8o8BGT4w9x5LWCew&utm_medium=api&utm_source=e1ad5111&v=1D820DED6C26D91D9F28D78D6B587CD3704CB2F2,Unknown,ingénieur électrique,fr,ingénieur électrique,standard,False,False
Ingénieur Génie Electrique H/F,Bee Engineering,"Bihorel, Rouen","REJOIGNEZ LA RUCHE ! Un(e) Ingénieur(e) d'études Génie Electrique, c'est quoi ? C'est la personne qui réalise les études électriques sur toutes les phases d'un projet, de la faisabilité à la réalisation sur site. - Il / elle dimensionnera des réseaux, cellules et protections. - Il / elle rédigera des spécifications techniques d'équipements de transformateurs, de câbles. - Il / elle pilotera techniquement les fournisseurs et sous traitants. TO BEE OR NOT TO BEE Être salarié(e) BEE c'est pouvoir …",35000,45000,,2025-05-03T07:12:02Z,https://www.adzuna.fr/land/ad/5177921284?se=HEkZzO8o8BGT4w9x5LWCew&utm_medium=api&utm_source=e1ad5111&v=815A27C9F74AA2A1119770003130D4DC3FAB0ADC,Emplois Autres/Général,ingénieur électrique,fr,ingénieur électrique,standard,False,False
Ingénieur Génie Electrique H/F (CDI),PAGE PERSONNEL,France,"Poste : Sous la responsabilité du Responsable BE, l'Ingénieur Génie Electrique a pour missions : * Concevoir et maintenir à jour les armoires électroniques, * Définition et mise en plan de faisceaux électriques, * Création de l'interface logiciel de contrôle, * Réalisation des tests et validation des systèmes, * Rédaction des documents techniques référents, * Ajout et gestion des références des plans et des logiciels dans la base de données, * Participer à la mise en place des nouveaux projets …",,,permanent,2025-05-02T08:47:28Z,https://www.adzuna.fr/land/ad/5175591674?se=HEkZzO8o8BGT4w9x5LWCew&utm_medium=api&utm_source=e1ad5111&v=CA716553B5C9CAB6EC40DC53F49D146118360D5B,Unknown,ingénieur électrique,fr,ingénieur électrique,standard,False,False
Ingénieur BE Électrique H/F (CDI),MICHAEL PAGE,France,"Poste : Missions : * Planification, gestion de budget et pilotage des études, * Développement en lien avec les autres pôles techniques (automatisme, électronique, thermique), * Collaboration étroite avec les services connexes (SAV, production, qualité, méthodes, achats), * Mise au point et suivi de l'intégration électrique, * Rédaction de la documentation technique, * Veille réglementaire et normative. * Primes attractives  participation aux bénéfices, * Projets variés favorisant la montée en c…",,,permanent,2025-04-19T12:01:38Z,https://www.adzuna.fr/land/ad/5153107383?se=HEkZzO8o8BGT4w9x5LWCew&utm_medium=api&utm_source=e1ad5111&v=CA003B830100FC2DE7C971348825577226CDA902,Unknown,ingénieur électrique,fr,ingénieur électrique,standard,False,False
Ingénieur études électriques (H/F) (CDI),NEO2,France,"Poste : Nous recrutons un Ingénieur d'études expérimenté en Génie Electrique (H/F) pour intervenir sur un projet de conception et construction d'une usine de traitement de l'eau Vous coordonnez les études (basic et détail) pour les équipements haute tension. Vous êtes garant de la tenue des délais, de la qualité et des coûts (en coordination avec le service Achats) sur la partie électricité du projet. Intégré(e) à l'équipe projet, vous reportez au Responsable Technique ou au Chef de projet. ?Mi…",,,permanent,2025-04-26T12:21:14Z,https://www.adzuna.fr/land/ad/5163961333?se=HEkZzO8o8BGT4w9x5LWCew&utm_medium=api&utm_source=e1ad5111&v=8954A725D652BB342B240FD799FDF8C9B26027B3,Unknown,ingénieur électrique,fr,ingénieur électrique,standard,False,False
Ingénieur Génie Electrique H/F (CDI),MICHAEL PAGE,France,"Poste : Vous gérez l'ensemble des étapes du projet, de la conception à la réception des travaux. Missions : * Études et préparation : Réalisation des études techniques, établissement des cahiers des charges, conception des installations électriques, lancement et analyse des appels d'offres, * Suivi de chantier : Supervision des travaux, respect des plannings et budgets, reporting régulier et gestion des relations avec les clients et partenaires, * Mise en service et réception : Supervision de l…",,,permanent,2025-04-28T12:24:34Z,https://www.adzuna.fr/land/ad/5166586732?se=HEkZzO8o8BGT4w9x5LWCew&utm_medium=api&utm_source=e1ad5111&v=AC4328488A285568305C9178BD2D5B72AE0CBE39,Unknown,ingénieur électrique,fr,ingénieur électrique,standard,False,False
Ingénieur Infrastructure Electrique (F/H),ArianeGroup,"Saint-Médard-en-Jalles, Bordeaux","Vous souhaitez faire décoller votre carrière ? Chez ArianeGroup, nous concevons des solutions innovantes pour les systèmes de lancement spatiaux civils et militaires. ✨ Rejoignez nos équipes passionnées en tant qu'Ingénieur(e) Infrastructure Électrique (F/H) et contribuez à garantir l'autonomie et la souveraineté d'accès à l'espace de la France et de l'Europe ! Votre futur environnement de travail Vous intégrerez une équipe passionnée et engagée, au sein de la Direction Industrielle, dans le ca…",,,permanent,2025-05-01T12:24:12Z,https://www.adzuna.fr/land/ad/5172686808?se=HEkZzO8o8BGT4w9x5LWCew&utm_medium=api&utm_source=e1ad5111&v=743723F8ACA326587E57B1759FBF1D200319EAE8,Unknown,ingénieur électrique,fr,ingénieur électrique,standard,False,False
Ingénieur Electrique - Secteur Défense H/F,ALTEN,"Cher, Centre","Labellisé ""Best Managed Companies"" en 2024, ALTEN place le développement de ses ingénieurs au coeur de son modèle. Si vous êtes passionné(e) par l'innovation et les défis technologiques, ce poste est fait pour vous ! Vous êtes passionné par la conception électrique et souhaitez évoluer dans le secteur de l'Armement ? Nous recherchons un Ingénieur Électrique pour intervenir sur des projets stratégiques à Bourges. Vos missions : - Concevoir le plan des travaux d'étude et les outils et moyens asso…",,,,2025-02-14T02:53:42Z,https://www.adzuna.fr/details/5049077270?utm_medium=api&utm_source=e1ad5111,Emplois Informatique,ingénieur électrique,fr,ingénieur électrique,standard,False,False
Ingénieur électrique See Electrical H/F,EFOR GROUP,"Isère, Auvergne-Rhône-Alpes","Dans le cadre de notre développement d'activité, nous recherchons un(e) ingénieur(e) génie électrique (H/F) pour rejoindre notre équipe Grenobloise en CDI. Vos missions : - Diagnostiquer et résoudre les pannes électriques. - Élaborer les schémas et les plans de câblage. - Dimensionner les équipements électriques. - Assembler les composants dans l'armoire électrique. - Gérer les systèmes Haute Tension/Basse Tension (HT/BT). - Réaliser des études techniques pour garantir la conformité et l'effica…",32000,55000,,2025-05-01T07:42:55Z,https://www.adzuna.fr/details/5171899173?utm_medium=api&utm_source=e1ad5111,Emplois Scientifiques et AQ,ingénieur électrique,fr,ingénieur électrique,standard,False,False
Ingénieur Électrique - Cherbourg France H/F,Astek,"Equeurdreville-Hainneville, Cherbourg-Octeville","Vous êtes ingénieur à la recherche d'un nouveau projet challengeant dans la région normande ? Pour accompagner notre développement et renforcer notre équipe d'experts, nous proposons une opportunité pour un ingénieur spécialisé en génie électrique ! Rejoignez-nous et intégrez un projet au sein d'un grand groupe industriel, acteur majeur sur son marché. Astek Créé en France en 1988, Astek est un acteur mondial de l'ingénierie et du conseil en technologies. Fort de son expertise dans de nombreux …",,,,2025-02-04T20:09:12Z,https://www.adzuna.fr/details/5037380847?utm_medium=api&utm_source=e1ad5111,Unknown,ingénieur électrique,fr,ingénieur électrique,standard,False,False
Ingenieur Electrique - Electronique de Puissance H/F,Khea Concept,"Haut-Rhin, Grand-Est","Dans le cadre d'un renfort d'équipe au sein du bureau d'études Electrique-Electronique de notre client, société spécialisée dans les engins spéciaux, nous recherchons un Ingénieur H/F en génie électrique avec des connaissances en électronique de puissance. Vos missions principales : Conception et développement d'équipements électriques - Définition des architectures - Réalisation des schémas et des plans - Vérification des contraintes d'intégration des équipements électriques dans les ensembles…",35000,45000,,2025-04-04T03:28:43Z,https://www.adzuna.fr/details/5128367817?utm_medium=api&utm_source=e1ad5111,Unknown,ingénieur électrique,fr,ingénieur électrique,standard,False,False
INGENIEUR ELECTRIQUE - ELECTRONIQUE DE PUISSANCE F/H,KHEA CONCEPT,"Colmar, Haut-Rhin","Dans le cadre d'un renfort d'équipe au sein du bureau d'études Electrique-Electronique de notre client, société spécialisée dans les engins spéciaux, nous recherchons un Ingénieur H/F en génie électrique avec des connaissances en électronique de puissance. Vos missions principales: Conception et développement d'équipements électriques -Définition des architectures -Réalisation des schémas et des plans -Vérification des contraintes d'intégration des équipements électriques dans les ensembles méc…",35000,45000,contract,2025-04-05T09:17:33Z,https://www.adzuna.fr/details/5130875096?utm_medium=api&utm_source=e1ad5111,Emplois Autres/Général,ingénieur électrique,fr,ingénieur électrique,standard,False,False
Ingenieur Electrique – Electronique De Puissance (H/F),KHEA CONCEPT,"Haut-Rhin, Grand-Est","Vue d'ensemble À propos de nous KHEA Concept est un cabinet d’ingénierie-conseil qui intervient en assistance technique auprès de ses clients. Cette activité BtoB repose sur la prise en charge, pour le compte de nos clients, de développement R&D de produits et/ou process . Nous pouvons intervenir en prenant en charge des workpackages ou en mettant à disposition de nos clients, des ressources ou équipes projets. La société a été créée fin 2009. Elle est implantée en Île-de-France à Saint-Maur-de…",,,contract,2025-04-08T23:17:49Z,https://www.adzuna.fr/details/5136017370?utm_medium=api&utm_source=e1ad5111,Emplois Consultants,ingénieur électrique,fr,ingénieur électrique,standard,False,False
Ingénieur Électrique HT/BT H/F,,"Puteaux, Nanterre","Rattaché au Responsable du Département Électricité, vous serez en charge de la partie électricité des projets oil et gas à différentes phases. Vos missions principales sont : Être le garant de la revue des dossiers techniques, Établir et valider les budgets d'études et de production des documents, Établir les calculs de réseau de dimensionnement du matériel, Élaborer des schémas unifilaires et le fonctionnement du réseau électrique, Rédiger les spécifications du matériel électrique haute tensio…",55000,70000,,2024-11-07T23:31:37Z,https://www.adzuna.fr/details/4930537545?utm_medium=api&utm_source=e1ad5111,Emplois Ingénierie,ingénieur électrique,fr,ingénieur électrique,standard,False,False
Stage : Stage Ingénieur Electrique H/F,Mozaik RH,"Duttlenheim, Bas-Rhin","L’ENTREPRISE Présentation de votre entreprise, son activité et sa mission. VOTRE MISSION Détaillez ici la mission et les responsabilités que vous proposez au futur stagiaire. Il est aussi important d’indiquer pourquoi ce recrutement est important au développement de l’entreprise, quelle est sa valeur ajoutée. VOTRE PROFIL Indiquez ici le type de profil que vous recherchez, les qualités requises pour ce poste (ex : curieux, passionné par les nouvelles technologies…) Ensuite, précisez le type de …",,,contract,2024-06-18T22:35:37Z,https://www.adzuna.fr/details/4742626691?utm_medium=api&utm_source=e1ad5111,Emplois Diplômés,ingénieur électrique,fr,ingénieur électrique,standard,False,False
Ingénieur électrique haute tension F/H,XS Groupe,"Mulhouse, Haut-Rhin",Vous avez une première expérience en conception électrique orientée haute tension ? Vous souhaitez mettre vos compétences au service d’une entreprise d’accompagnement en ingénierie qui travaille sur des sujets d’innovation ? Rejoignez XS Groupe sur ce poste à pourvoir au plus vite à proximité de Mulhouse  VOS MISSIONS Au sein d’un bureau d’études multi-disciplinaire vous développez la partie électrique de systèmes d’entrainement / de systèmes de propulsion électrique : Vous réalisez la concepti…,42000,52000,permanent,2025-03-25T14:38:43Z,https://www.adzuna.fr/details/5110223570?utm_medium=api&utm_source=e1ad5111,Emplois Ingénierie,ingénieur électrique,fr,ingénieur électrique,standard,False,False
Ingénieur Électrique HT - BT H/F,Michael Page,"Puteaux, Nanterre","Rattaché au Responsable du Département Électricité, vous serez en charge de la partie électricité des projets oil et gas à différentes phases. Vos missions principales sont : * Être le garant de la revue des dossiers techniques, * Établir et valider les budgets d'études et de production des documents, * Établir les calculs de réseau de dimensionnement du matériel, * Élaborer des schémas unifilaires et le fonctionnement du réseau électrique, * Rédiger les spécifications du matériel électrique ha…",55000,70000,,2025-04-22T06:34:47Z,https://www.adzuna.fr/details/5155887563?utm_medium=api&utm_source=e1ad5111,Unknown,ingénieur électrique,fr,ingénieur électrique,standard,False,False
Ingénieur Électrique CFO - CFA H/F,Sugar Consulting,"Pont-Rousseau, Rezé","Vos missions sont étendues à l'ensemble du domaine Génie Electrique, Electricité courants forts et faibles. Elles comprennent plus particulièrement : - La conception des installations (APS, APD, PRO) - Le calcul des installations (éclairage, câblage) - La prescription (devis descriptifs, spécifications) - La quantification (devis quantitatifs) - L'établissement des documents d'étude (plans, schémas) - Le contrôle et la réception des travaux - Le management des équipes de dessinateurs. Mutuelle …",40000,60000,,2025-03-26T08:12:05Z,https://www.adzuna.fr/details/5111954889?utm_medium=api&utm_source=e1ad5111,Emplois Autres/Général,ingénieur électrique,fr,ingénieur électrique,standard,False,False
