title,company,location,description,salary_min,salary_max,contract_type,created,redirect_url,category,country,specialty
Ingénieur construction/Ingénieure construction,Groupe SOFLUX,"Pays de la Loire, France","À propos de SNEE Groupe Soflux : SNEE Groupe Soflux est une entreprise reconnue dans les domaines du génie électrique, génie climatique, plomberie et énergies renouvelables. Nous combinons savoir-faire, innovation et esprit d’équipe pour répondre à des projets ambitieux dans le respect des engagements qualité, sécurité et environnement. En tant que Conducteur de travaux (f/h) chez SNEE Groupe Soflux Agence de Nantes (44), et après quelques jours d'intégration, en collaboration direct avec Direc…",,,,2025-04-14T07:38:03Z,https://www.adzuna.fr/land/ad/5143868595?se=wDCr8i4e8BG_XLfW0bWCew&utm_medium=api&utm_source=e1ad5111&v=373550DE8365580474DCA7DE59171A8CBA7D3ABD,Unknown,fr,genie_civil_btp
Superviseur construction/Superviseuse construction,Anotech,France,"Rejoignez notre équipe de spécialistes dans un projet d’envergure Notre vision : façonner l'avenir grâce à notre expertise. Anotech se positionne en tant que partenaire stratégique en gestion de projets complexes et hautement techniques dans le secteur de l’énergie. Grâce à notre expertise dans ce domaine, nous proposons des solutions innovantes qui garantissent le succès de toutes les phases du projet, tout en maintenant des normes élevées de qualité et de sécurité. Nos compétences techniques …",,,,2025-04-03T08:04:27Z,https://www.adzuna.fr/land/ad/5125964959?se=wDCr8i4e8BG_XLfW0bWCew&utm_medium=api&utm_source=e1ad5111&v=7F9E29E764E23EC814B9B56565837FC06CD66D40,Unknown,fr,genie_civil_btp
Superviseur construction/Superviseuse construction,ARKADIA INGENIERIE,France,"Description de l'entreprise Filiale de l'ensemblier industriel Boccard, ARKADIA Ingénierie est spécialisée en prestations techniques d'ingénierie et d'assistance à maîtrise d'ouvrage. Nous apportons notre expertise technique pluridisciplinaire dans les secteurs du nucléaire et de l'industrie. Avec plus de 170 collaborateurs, répartis sur plusieurs sites en France, ARKADIA Ingénierie est une structure agile et dynamique en plein développement. Description du poste Notre client, spécialisé dans l…",,,,2025-03-03T06:48:20Z,https://www.adzuna.fr/land/ad/5071532173?se=wDCr8i4e8BG_XLfW0bWCew&utm_medium=api&utm_source=e1ad5111&v=91B05B5719A02996D0977DFA51A2FE9F98D439DF,Unknown,fr,genie_civil_btp
Superviseur construction/Superviseuse construction,Crit Experts & Cadres,"Dreux, Eure-et-Loir","Le cabinet CRIT Experts et Cadres Normandie recherche un(e) chargé(e) d'affaires en infrastructures des réseaux urbains en CDI, à Dreux, pour l’un de nos clients. À propos de l'entreprise : Notre client est une entreprise spécialisée dans le déploiement et la maintenance des réseaux de distribution pour les collectivités et les entreprises. Intervenant dans des domaines variés tels que les réseaux de fibre optique, la distribution électrique , l'éclairage public et l'électricité du bâtiment , c…",,,,2025-04-12T06:07:03Z,https://www.adzuna.fr/land/ad/5141658349?se=wDCr8i4e8BG_XLfW0bWCew&utm_medium=api&utm_source=e1ad5111&v=91734CA3F74D5CD582CC88B8B4C636BEB8ADB50C,Unknown,fr,genie_civil_btp
Superviseur construction/Superviseuse construction,OpenSuccess,"Valenciennes, Nord","OpenSuccess, recherche pour l'un de ses clients, une société de 80 salariés située à Valenciennes, spécialisée dans l’étanchéité et le bardage de bâtiments variés. Leurs chantiers présentent une forte technicité et impliquent de nombreuses rénovations énergétiques. Nous recherchons 1 conducteur de travaux principal et conducteur de travaux spécialisés dans le bardage/étanchéité. Description du poste : Le conducteur de travaux est le garant du bon déroulement des chantiers, dans le respect des d…",,,,2025-04-06T10:06:04Z,https://www.adzuna.fr/land/ad/5132204373?se=wDCr8i4e8BG_XLfW0bWCew&utm_medium=api&utm_source=e1ad5111&v=EF66D1D1FC8E289FBC2710834A5F836D923795F1,Emplois Industrie et Construction,fr,genie_civil_btp
Ingénieur construction/Ingénieure construction,Crit Experts & Cadres,"Le Havre, Seine-Maritime","Acteur majeur du secteur du BTP, cette entreprise est spécialisée dans les travaux de terrassement, d’assainissement, de VRD ainsi que dans la fabrication et l’application de revêtements routiers. Grâce à un réseau de plusieurs agences réparties en Normandie et dans le Centre, elle intervient sur des chantiers situés dans les régions du Grand Ouest, Centre-Val de Loire et Île-de-France. Afin de garantir un haut niveau de qualité et d’efficacité, l’entreprise s’appuie sur des équipes qualifiées …",,,,2025-04-03T08:04:56Z,https://www.adzuna.fr/land/ad/5125965772?se=wDCr8i4e8BG_XLfW0bWCew&utm_medium=api&utm_source=e1ad5111&v=E7B81EE575CDCF203FDB0A9D631C97305187AC9A,Unknown,fr,genie_civil_btp
Superviseur construction/Superviseuse construction,NEO2,"Lyon, Rhône","L'entreprise : Créé en 2008, NEO2 est une société de conseil et d'assistance technique, spécialisée dans les métiers de l’ingénierie de process et des infrastructures industrielles. Notre groupe compte plus de 600 collaborateurs et intervient auprès de grands comptes dans les secteurs de l’Energie, l’Environnement, la Pharmaceutique, la Santé, l'Agroalimentaire, etc sur des projets industriels ou digitaux. Comment ? Nous détachons nos consultants ingénieurs, experts techniques et chefs de proje…",,,,2024-07-24T06:59:22Z,https://www.adzuna.fr/land/ad/4792536655?se=wDCr8i4e8BG_XLfW0bWCew&utm_medium=api&utm_source=e1ad5111&v=D2E8A4C9DCCE576A339C34934A4C93A65F94D9D0,Unknown,fr,genie_civil_btp
Spécialiste de la construction,RANDSTAD,"Ile-de-France, France","Randstad Search, Cabinet Conseil en Recrutement et Approche directe, intervient dans la recherche et l'évaluation des profils Middle et Top Management. Le cabinet est présent dans les principales métropoles françaises. Les consultants du Pôle BTP mettent à votre service leur expertise métier pour vous accompagner au mieux dans votre évolution professionnelle Nous recherchons pour notre pluralité de clients basés en Île de France, plusieurs profils et domaines de compétences : Conducteur de trav…",,,,2025-03-23T03:03:16Z,https://www.adzuna.fr/land/ad/5107185427?se=wDCr8i4e8BG_XLfW0bWCew&utm_medium=api&utm_source=e1ad5111&v=F3940E5F24D8CC0E73CE193FE17315752F162CB4,Emplois Industrie et Construction,fr,genie_civil_btp
Économiste en construction,AConstruct,"Neuville-en-Ferrain, Tourcoing","À propos de l'entreprise - AConstruct est une société active dans la construction et l'expansion de sites industriels ou logistiques. Nous recherchons un Economiste de la construction qui adhère à nos valeurs : positivisme, partenariat, excellence, réactivité, orientation humaine et confiance. À propos du rôle - En tant qu’Économiste de la Construction vous êtes garant du respect des objectifs de programme, coûts, qualité et délais des projets. Vous effectuez les métrés, chiffrages, dossiers, m…",,,,2025-03-28T03:31:16Z,https://www.adzuna.fr/land/ad/5114758523?se=wDCr8i4e8BG_XLfW0bWCew&utm_medium=api&utm_source=e1ad5111&v=9C1D900CEB6BE33E7D9469CCE82A127A444808CF,Unknown,fr,genie_civil_btp
Construction Manager,Webuild,"Ile-de-France, France","Webuild est une entreprise internationale de construction spécialisée en ingénierie civile, pionnière dans son domaine depuis 120 ans. Acteur mondial aux racines italiennes, nous nous consacrons à la réalisation d’infrastructures complexes, innovantes et durables, visant à améliorer la qualité de vie des populations. Au fil des décennies, nous avons conçu et édifié certains des ouvrages les plus emblématiques au monde. Webuild imagine, conçoit et construit des infrastructures majeures dans les …",,,,2025-03-23T03:02:16Z,https://www.adzuna.fr/land/ad/5107184403?se=wDCr8i4e8BG_XLfW0bWCew&utm_medium=api&utm_source=e1ad5111&v=0ED326AAF29A1EBD6ABE2EA249C35D1464BA7BD5,Unknown,fr,genie_civil_btp
Économiste en construction,Synergie,"Montargis, Loiret","La cellule recrutement CDD/CDI Synergie Centre Val-de-Loire recrute  Nous recherchons pour notre client situé sur l'agglomération de Montargis et spécialisé dans le domaine de la construction, un METREUR F/H dans le cadre d'un CDI. Rattaché(e) au bureau d'études, vous travaillerez en étroite collaboration avec les conducteurs de travaux et vos missions seront les suivantes : Analyse des dossiers d'AO, Evaluation des devis descriptifs, quantitatifs ou estimatifs établis préalablement aux travaux…",,,,2025-03-10T04:14:21Z,https://www.adzuna.fr/land/ad/5084558210?se=wDCr8i4e8BG_XLfW0bWCew&utm_medium=api&utm_source=e1ad5111&v=C007F1134448B60986CCA1A03AEB473FE99D7A5F,Unknown,fr,genie_civil_btp
Expert Assurance Construction H/F,Groupe Saretec,"Evry-Sud, Evry",Votre mission : Mener et réaliser des expertises chez les particuliers et professionnels en qualité d'expert(e) mandaté(e) par les compagnies d'assurance. Et concrètement ? - Faire preuve d'empathie et de pédagogie pour accompagner au mieux les clients sinistrés dans le cadre des garanties contractualisées - Mobiliser vos connaissances et votre expérience pour analyser et déterminer les causes d'un sinistre - Valider les garanties et chiffrer des dommages et réparations - Rédiger des rapports d…,,,,2025-02-04T19:45:59Z,https://www.adzuna.fr/land/ad/5037195659?se=wDCr8i4e8BG_XLfW0bWCew&utm_medium=api&utm_source=e1ad5111&v=052BFD14C129E5C23718D89C4EBFE06CBD491E49,Unknown,fr,genie_civil_btp
Expert Assurance Construction H/F,Groupe Saretec,"Rhône, Auvergne-Rhône-Alpes",Votre mission : Mener et réaliser des expertises chez les particuliers et professionnels en qualité d'expert(e) mandaté(e) par les compagnies d'assurance. Et concrètement ? - Faire preuve d'empathie et de pédagogie pour accompagner au mieux les clients sinistrés dans le cadre des garanties contractualisées - Mobiliser vos connaissances et votre expérience pour analyser et déterminer les causes d'un sinistre - Valider les garanties et chiffrer des dommages et réparations - Rédiger des rapports d…,,,,2025-03-22T05:47:42Z,https://www.adzuna.fr/land/ad/5105687548?se=wDCr8i4e8BG_XLfW0bWCew&utm_medium=api&utm_source=e1ad5111&v=B1F00C1384C49E63B257AF9DCF6E229DB32E9538,Unknown,fr,genie_civil_btp
Expert Assurance Construction H/F,Groupe Saretec,"Sannois, Argenteuil",Votre mission : Mener et réaliser des expertises chez les particuliers et professionnels en qualité d'expert(e) mandaté(e) par les compagnies d'assurance. Et concrètement ? - Faire preuve d'empathie et de pédagogie pour accompagner au mieux les clients sinistrés dans le cadre des garanties contractualisées - Mobiliser vos connaissances et votre expérience pour analyser et déterminer les causes d'un sinistre - Valider les garanties et chiffrer des dommages et réparations - Rédiger des rapports d…,,,,2025-02-04T19:45:58Z,https://www.adzuna.fr/land/ad/5037195403?se=wDCr8i4e8BG_XLfW0bWCew&utm_medium=api&utm_source=e1ad5111&v=6E101941358EABDD209DC2FF358B7AA9FC47BEFC,Unknown,fr,genie_civil_btp
Expert Assurance Construction H/F,Groupe Saretec,"Croissy-Beaubourg, Champs-sur-Marne",Votre mission : Mener et réaliser des expertises chez les particuliers et professionnels en qualité d'expert(e) mandaté(e) par les compagnies d'assurance. Et concrètement ? - Faire preuve d'empathie et de pédagogie pour accompagner au mieux les clients sinistrés dans le cadre des garanties contractualisées - Mobiliser vos connaissances et votre expérience pour analyser et déterminer les causes d'un sinistre - Valider les garanties et chiffrer des dommages et réparations - Rédiger des rapports d…,3200,3500,,2025-02-04T19:45:56Z,https://www.adzuna.fr/land/ad/5037194584?se=wDCr8i4e8BG_XLfW0bWCew&utm_medium=api&utm_source=e1ad5111&v=3D3F3CDD776816CA03528BD2E74322FA5BEFC920,Unknown,fr,genie_civil_btp
Expert Assurance Construction H/F,Groupe Saretec,"Bouches-du-Rhône, Provence-Alpes-Côte d'Azur",Votre mission : Mener et réaliser des expertises chez les particuliers et professionnels en qualité d'expert(e) mandaté(e) par les compagnies d'assurance. Et concrètement ? - Faire preuve d'empathie et de pédagogie pour accompagner au mieux les clients sinistrés dans le cadre des garanties contractualisées - Mobiliser vos connaissances et votre expérience pour analyser et déterminer les causes d'un sinistre - Valider les garanties et chiffrer des dommages et réparations - Rédiger des rapports d…,,,,2025-02-08T07:28:44Z,https://www.adzuna.fr/land/ad/5042353440?se=wDCr8i4e8BG_XLfW0bWCew&utm_medium=api&utm_source=e1ad5111&v=CB034702549F9AE0D2EA662FAFFE9A844E29FA8B,Unknown,fr,genie_civil_btp
Expert Assurance Construction H/F,Groupe Saretec,"Calvados, Normandie",Votre mission : Mener et réaliser des expertises chez les particuliers et professionnels en qualité d'expert(e) mandaté(e) par les compagnies d'assurance. Et concrètement ? - Faire preuve d'empathie et de pédagogie pour accompagner au mieux les clients sinistrés dans le cadre des garanties contractualisées - Mobiliser vos connaissances et votre expérience pour analyser et déterminer les causes d'un sinistre - Valider les garanties et chiffrer des dommages et réparations - Rédiger des rapports d…,,,,2025-03-14T06:57:24Z,https://www.adzuna.fr/land/ad/5092608701?se=wDCr8i4e8BG_XLfW0bWCew&utm_medium=api&utm_source=e1ad5111&v=F14C9254A6225B8601C0F9618A28FC6FD19AABCC,Unknown,fr,genie_civil_btp
Expert Assurance Construction H/F,Groupe Saretec,"Bihorel, Rouen",Votre mission : Mener et réaliser des expertises chez les particuliers et professionnels en qualité d'expert(e) mandaté(e) par les compagnies d'assurance. Et concrètement ? - Faire preuve d'empathie et de pédagogie pour accompagner au mieux les clients sinistrés dans le cadre des garanties contractualisées - Mobiliser vos connaissances et votre expérience pour analyser et déterminer les causes d'un sinistre - Valider les garanties et chiffrer des dommages et réparations - Rédiger des rapports d…,,,,2025-02-21T07:52:19Z,https://www.adzuna.fr/land/ad/5058499499?se=wDCr8i4e8BG_XLfW0bWCew&utm_medium=api&utm_source=e1ad5111&v=29C93CE8E6ACE5DE6DB0403D233E1C8C416281D9,Unknown,fr,genie_civil_btp
Expert Assurance Construction H/F,Groupe Saretec,"Loiret, Centre",Votre mission : Mener et réaliser des expertises chez les particuliers et professionnels en qualité d'expert(e) mandaté(e) par les compagnies d'assurance. Et concrètement ? - Faire preuve d'empathie et de pédagogie pour accompagner au mieux les clients sinistrés dans le cadre des garanties contractualisées - Mobiliser vos connaissances et votre expérience pour analyser et déterminer les causes d'un sinistre - Valider les garanties et chiffrer des dommages et réparations - Rédiger des rapports d…,,,,2025-02-21T07:52:19Z,https://www.adzuna.fr/land/ad/5058499471?se=wDCr8i4e8BG_XLfW0bWCew&utm_medium=api&utm_source=e1ad5111&v=63087634E356DAF3F699AC6562571BCB1E64547D,Unknown,fr,genie_civil_btp
Expert Assurance Construction H/F,Groupe Saretec,"Vienne, Nouvelle-Aquitaine",Votre mission : Mener et réaliser des expertises chez les particuliers et professionnels en qualité d'expert(e) mandaté(e) par les compagnies d'assurance. Et concrètement ? - Faire preuve d'empathie et de pédagogie pour accompagner au mieux les clients sinistrés dans le cadre des garanties contractualisées - Mobiliser vos connaissances et votre expérience pour analyser et déterminer les causes d'un sinistre - Valider les garanties et chiffrer des dommages et réparations - Rédiger des rapports d…,,,,2025-02-04T19:46:00Z,https://www.adzuna.fr/land/ad/5037195985?se=wDCr8i4e8BG_XLfW0bWCew&utm_medium=api&utm_source=e1ad5111&v=8CE9FA76D84DDE3AC58E6A2BDC7D22A0A88F77D0,Unknown,fr,genie_civil_btp
Expert Assurance Construction H/F,Groupe Saretec,"Amiens 3e (Nord-Est), Amiens",Votre mission : Mener et réaliser des expertises chez les particuliers et professionnels en qualité d'expert(e) mandaté(e) par les compagnies d'assurance. Et concrètement ? - Faire preuve d'empathie et de pédagogie pour accompagner au mieux les clients sinistrés dans le cadre des garanties contractualisées - Mobiliser vos connaissances et votre expérience pour analyser et déterminer les causes d'un sinistre - Valider les garanties et chiffrer des dommages et réparations - Rédiger des rapports d…,,,,2025-02-21T07:52:20Z,https://www.adzuna.fr/land/ad/5058499501?se=wDCr8i4e8BG_XLfW0bWCew&utm_medium=api&utm_source=e1ad5111&v=966EC96C377B506888C13A31FC9AF79E89FF1F4D,Unknown,fr,genie_civil_btp
Expert Assurance Construction H/F,Groupe Saretec,"Doubs, Bourgogne-Franche-Comté",Votre mission : Mener et réaliser des expertises chez les particuliers et professionnels en qualité d'expert(e) mandaté(e) par les compagnies d'assurance. Et concrètement ? - Faire preuve d'empathie et de pédagogie pour accompagner au mieux les clients sinistrés dans le cadre des garanties contractualisées - Mobiliser vos connaissances et votre expérience pour analyser et déterminer les causes d'un sinistre - Valider les garanties et chiffrer des dommages et réparations - Rédiger des rapports d…,,,,2025-02-20T05:35:34Z,https://www.adzuna.fr/land/ad/5057165085?se=wDCr8i4e8BG_XLfW0bWCew&utm_medium=api&utm_source=e1ad5111&v=1A69FA5E8BDFFED9701C7D9FDC2A6D01A4987FD2,Unknown,fr,genie_civil_btp
Expert Assurance Construction H/F,Groupe Saretec,"Nice 13e Canton, Nice",Votre mission : Mener et réaliser des expertises chez les particuliers et professionnels en qualité d'expert(e) mandaté(e) par les compagnies d'assurance. Et concrètement ? - Faire preuve d'empathie et de pédagogie pour accompagner au mieux les clients sinistrés dans le cadre des garanties contractualisées - Mobiliser vos connaissances et votre expérience pour analyser et déterminer les causes d'un sinistre - Valider les garanties et chiffrer des dommages et réparations - Rédiger des rapports d…,,,,2025-02-05T02:04:19Z,https://www.adzuna.fr/land/ad/5037911628?se=wDCr8i4e8BG_XLfW0bWCew&utm_medium=api&utm_source=e1ad5111&v=B95F82DD6730B00AB068E20292FF2FBA53DB969C,Unknown,fr,genie_civil_btp
Responsable construction PV,ManpowerGroup,"Toulouse, Haute-Garonne","Responsable adjoint pôle construction PV (H/F) – Toulouse Vous avez une expérience solide en construction de centrales photovoltaïques en toiture et souhaitez relever un nouveau défi dans un environnement dynamique et ambitieux ? Cette opportunité est faite pour vous  L’ENTREPRISE Notre client est une entreprise internationale intervenant sur toute la chaîne de valeur des projets photovoltaïques : développement, construction et exploitation . Elle réalise des centrales solaires de 100 à 500 kWc…",,,,2025-03-17T02:49:47Z,https://www.adzuna.fr/land/ad/5096814439?se=wDCr8i4e8BG_XLfW0bWCew&utm_medium=api&utm_source=e1ad5111&v=1E46398ACEF2F01461351A9ACD16B8761BC07055,Emplois Industrie et Construction,fr,genie_civil_btp
Construction Manager Poste HTB,ELYS,"Paris, Ile-de-France","Localisation : Paris/Lyon Objectif : Concevoir et piloter les travaux de construction de postes HTB Missions : Assurer le suivi des travaux de construction en menant les taches suivantes : o Pilotage et Coordination des intervenants : entreprises, bureaux de contrôle technique, géotechnicien, coordonnateur Sécurité o Relation avec les gestionnaires de réseau public (RTE, ENEDIS…) o Animation des réunions de chantier o Rédaction des comptes-rendus, des rapports d’avancement o Rédaction des rappo…",,,,2025-03-19T03:15:25Z,https://www.adzuna.fr/land/ad/5100162528?se=wDCr8i4e8BG_XLfW0bWCew&utm_medium=api&utm_source=e1ad5111&v=7520FB7ADECDBF0691AD36B26D39FCD381F41A3C,Unknown,fr,genie_civil_btp
Gestionnaire de sinistres construction,GROUPE LEADER INSURANCE,France,"GESTIONNAIRE RECOURS SINISTRES CONSTRUCTION- H/F Groupe Leader Insurance Epône (78) Temps plein / CDI Le Groupe recherche pour l’une de ses filiales un Gestionnaire Sinistres dédié à l’exercice des Recours en matière d’assurance Dommages-Ouvrage. Ce poste est rattaché à la Direction Sinistres. En nous rejoignant vous intégrerez une entreprise dynamique avec une forte culture qui allie bienveillance et esprit familial. Vos missions : Identifier, en lien avec le pôle Indemnisation, les différents…",,,,2025-04-03T08:04:30Z,https://www.adzuna.fr/land/ad/5125965198?se=wDCr8i4e8BG_XLfW0bWCew&utm_medium=api&utm_source=e1ad5111&v=844AF0848E4CE0EA3208507815EAC0E1A0C994E7,Emplois Droit,fr,genie_civil_btp
Avocat construction - assurance,HINDER VANESSA,France,"Recherche Avocate collaboratrice/ Avocat collaborateur. Droit des assurances/ Droit de la responsabilité civile /Droit de la construction/Télétravail Vous aimez prendre la route et voir du pays ? Vous habitez dans l’ouest de la France ? Travailler exclusivement dans un bureau et réduire votre activité à quelques rares audiences, pour vous c’est non merci ? Vous avez besoin de bouger, vous détestez la monotonie ? Monter sur un toit ne vous fait pas peur ? Visiter des édifices en construction et …",,,,2025-04-06T10:07:51Z,https://www.adzuna.fr/land/ad/5132204937?se=wDCr8i4e8BG_XLfW0bWCew&utm_medium=api&utm_source=e1ad5111&v=B67619CB56EB031338A1822042906ED55FE51F2B,Unknown,fr,genie_civil_btp
Économiste en construction / électricité,ManpowerGroup,"Ivry-sur-Seine, Créteil","Sous la responsabilité du responsable bureau d'études, vos missions seront les suivantes : Répondre aux appels d’offres (environ 10 par mois) : - Analyser les dossiers de consultation des entreprises (DCE) - Identifier les besoins techniques et financiers des projets - Préparer et rédiger les réponses aux appels d’offres en respectant les délais impartis Réalisation de plannings : - Élaborer des plannings détaillés pour les projets en cours - Assurer le suivi et la mise à jour des plannings en …",,,,2025-02-15T02:42:23Z,https://www.adzuna.fr/land/ad/5050483070?se=wDCr8i4e8BG_XLfW0bWCew&utm_medium=api&utm_source=e1ad5111&v=E7DB1C39579BFB4825D57D31DB9D8AD928F2F688,Emplois Industrie et Construction,fr,genie_civil_btp
Expert Construction (h/f) (CDI),LHH,France,"Poste : LHH Recruitment Solutions, cabinet de conseil en recrutement, travail temporaire spécialisé, gestion de transition et évaluation d'experts, cadres et dirigeants recherche pour son client, spécialisé dans le domaine de l'énergie renouvelable et basé à LIlle, 1 Expert Construction (h/f) en CDI. Notre client est un acteur majeur dans le domaine de l'énergie renouvelable, axé sur l'innovation et l'excellence opérationnelle. Vous principales missions : En tant qu'Expert Constructions , vous …",,,permanent,2025-04-20T07:58:43Z,https://www.adzuna.fr/land/ad/5154248619?se=wDCr8i4e8BG_XLfW0bWCew&utm_medium=api&utm_source=e1ad5111&v=C2E30929468F70ABD559CE56EB9F124354B3A3B8,Unknown,fr,genie_civil_btp
Expert en construction (h/f) (CDI),LHH,France,"Poste : LHH Recruitment Solutions, cabinet de conseil en recrutement, travail temporaire spécialisé, gestion de transition et évaluation d'experts, cadres et dirigeants recherche pour son client, spécialisé dans le domaine de l'énergie renouvelable et basé en Ile de France, 1 Expert Construction (h/f) en CDI. Notre client est un acteur majeur dans le domaine de l'énergie renouvelable, axé sur l'innovation et l'excellence opérationnelle. Il offre un environnement de travail dynamique et stimulan…",,,permanent,2025-04-03T11:45:47Z,https://www.adzuna.fr/land/ad/5126067073?se=wDCr8i4e8BG_XLfW0bWCew&utm_medium=api&utm_source=e1ad5111&v=8F6C562041035A1D32C7CAC1F719C415D4BFDA9A,Unknown,fr,genie_civil_btp
Expert Assurance Construction H/F,Groupe Saretec,"Drôme, Auvergne-Rhône-Alpes",Votre mission : Mener et réaliser des expertises chez les particuliers et professionnels en qualité d'expert(e) mandaté(e) par les compagnies d'assurance. Et concrètement ? - Faire preuve d'empathie et de pédagogie pour accompagner au mieux les clients sinistrés dans le cadre des garanties contractualisées - Mobiliser vos connaissances et votre expérience pour analyser et déterminer les causes d'un sinistre - Valider les garanties et chiffrer des dommages et réparations - Rédiger des rapports d…,,,,2025-02-04T19:45:57Z,https://www.adzuna.fr/land/ad/5037195095?se=wDCr8i4e8BG_XLfW0bWCew&utm_medium=api&utm_source=e1ad5111&v=E9CFDAB2AB2544BED9EFDF54E4C915E404154D5F,Unknown,fr,genie_civil_btp
Expert Assurance Construction H/F,Groupe Saretec,"Maine-et-Loire, Pays de la Loire",Votre mission : Mener et réaliser des expertises chez les particuliers et professionnels en qualité d'expert(e) mandaté(e) par les compagnies d'assurance. Et concrètement ? - Faire preuve d'empathie et de pédagogie pour accompagner au mieux les clients sinistrés dans le cadre des garanties contractualisées - Mobiliser vos connaissances et votre expérience pour analyser et déterminer les causes d'un sinistre - Valider les garanties et chiffrer des dommages et réparations - Rédiger des rapports d…,,,,2025-02-04T19:45:58Z,https://www.adzuna.fr/land/ad/5037195375?se=wDCr8i4e8BG_XLfW0bWCew&utm_medium=api&utm_source=e1ad5111&v=E146EFC7CEACE5C4311A06C64C5CCCE8668DED85,Unknown,fr,genie_civil_btp
Expert Assurance Construction H/F,Groupe Saretec,"Pantin, Bobigny",Votre mission : Mener et réaliser des expertises chez les particuliers et professionnels en qualité d'expert(e) mandaté(e) par les compagnies d'assurance. Et concrètement ? - Faire preuve d'empathie et de pédagogie pour accompagner au mieux les clients sinistrés dans le cadre des garanties contractualisées - Mobiliser vos connaissances et votre expérience pour analyser et déterminer les causes d'un sinistre - Valider les garanties et chiffrer des dommages et réparations - Rédiger des rapports d…,,,,2025-02-05T02:04:18Z,https://www.adzuna.fr/land/ad/5037911619?se=wDCr8i4e8BG_XLfW0bWCew&utm_medium=api&utm_source=e1ad5111&v=700DF9AE1A752DA6854FD0D84A6D090632842DFC,Unknown,fr,genie_civil_btp
Expert Assurance Construction H/F,Groupe Saretec,"Vendargues, Montpellier",Votre mission : Mener et réaliser des expertises chez les particuliers et professionnels en qualité d'expert(e) mandaté(e) par les compagnies d'assurance. Et concrètement ? - Faire preuve d'empathie et de pédagogie pour accompagner au mieux les clients sinistrés dans le cadre des garanties contractualisées - Mobiliser vos connaissances et votre expérience pour analyser et déterminer les causes d'un sinistre - Valider les garanties et chiffrer des dommages et réparations - Rédiger des rapports d…,2900,3200,,2025-04-12T04:42:45Z,https://www.adzuna.fr/land/ad/5141596951?se=wDCr8i4e8BG_XLfW0bWCew&utm_medium=api&utm_source=e1ad5111&v=584D2E51698AB189FA9E57FB2DB1D79C1D8D0825,Unknown,fr,genie_civil_btp
Expert Assurance Construction H/F,Groupe Saretec,"Côte-d'Or, Bourgogne-Franche-Comté",Votre mission : Mener et réaliser des expertises chez les particuliers et professionnels en qualité d'expert(e) mandaté(e) par les compagnies d'assurance. Et concrètement ? - Faire preuve d'empathie et de pédagogie pour accompagner au mieux les clients sinistrés dans le cadre des garanties contractualisées - Mobiliser vos connaissances et votre expérience pour analyser et déterminer les causes d'un sinistre - Valider les garanties et chiffrer des dommages et réparations - Rédiger des rapports d…,,,,2025-02-04T19:46:00Z,https://www.adzuna.fr/land/ad/5037196004?se=wDCr8i4e8BG_XLfW0bWCew&utm_medium=api&utm_source=e1ad5111&v=22791F215CCE177F53689C489A6191F45EED75BC,Unknown,fr,genie_civil_btp
Expert Assurance Construction H/F,Groupe Saretec,"Talence, Bordeaux",Votre mission : Mener et réaliser des expertises chez les particuliers et professionnels en qualité d'expert(e) mandaté(e) par les compagnies d'assurance. Et concrètement ? - Faire preuve d'empathie et de pédagogie pour accompagner au mieux les clients sinistrés dans le cadre des garanties contractualisées - Mobiliser vos connaissances et votre expérience pour analyser et déterminer les causes d'un sinistre - Valider les garanties et chiffrer des dommages et réparations - Rédiger des rapports d…,,,,2025-02-04T19:46:01Z,https://www.adzuna.fr/land/ad/5037196273?se=wDCr8i4e8BG_XLfW0bWCew&utm_medium=api&utm_source=e1ad5111&v=5462DE4A76F78FCC429ECA73AD4BFDE4747BCAE9,Unknown,fr,genie_civil_btp
Expert Assurance Construction H/F,Groupe Saretec,"Rangueuil, Toulouse",Votre mission : Mener et réaliser des expertises chez les particuliers et professionnels en qualité d'expert(e) mandaté(e) par les compagnies d'assurance. Et concrètement ? - Faire preuve d'empathie et de pédagogie pour accompagner au mieux les clients sinistrés dans le cadre des garanties contractualisées - Mobiliser vos connaissances et votre expérience pour analyser et déterminer les causes d'un sinistre - Valider les garanties et chiffrer des dommages et réparations - Rédiger des rapports d…,,,,2025-02-04T19:46:00Z,https://www.adzuna.fr/land/ad/5037196027?se=wDCr8i4e8BG_XLfW0bWCew&utm_medium=api&utm_source=e1ad5111&v=1C77D3A2A2D54BC522AEB68539D422CFFC1BE25E,Unknown,fr,genie_civil_btp
Ingénieur Projet de Construction - Ingénieure Projet de Construction H/F,EP2C ENERGY,"Hauts-de-Seine, Ile-de-France","Nous recherchons pour notre client spécialisé dans l'énergie et la pétrochimie un Ingénieur projet de construction/Ingénieure de projet de construction H/F. Localisation : Nanterre, Île-de-France, France (92) Démarrage : Avril 2025 Quelles seront vos missions et responsabilités ? Au sein de l'équipe du maître d'Ouvrage, sous la direction d'un chef de projet et avec l'appui d'une chef de projet senior : Tâches administratives gestion de factures, passage de commandes, permis de travail, processu…",50000,55000,,2025-04-18T04:52:02Z,https://www.adzuna.fr/land/ad/5150948904?se=wDCr8i4e8BG_XLfW0bWCew&utm_medium=api&utm_source=e1ad5111&v=340C2058FF80477D5A2F3735F65272BD481A599A,Emplois Fabrication,fr,genie_civil_btp
Expert Assurance Construction Exetech H/F,Groupe Saretec,"Bouches-du-Rhône, Provence-Alpes-Côte d'Azur",Votre mission : Mener et réaliser des expertises pour les ouvrages de bâtiment ou de génie civil en qualité d'expert(e) mandaté(e) par les compagnies d'assurance. Et concrètement ? - Faire preuve d'empathie et de pédagogie pour accompagner au mieux les clients sinistrés dans le cadre des garanties contractualisées - Mobiliser vos connaissances et votre expérience pour analyser et déterminer les causes d'un sinistre - Valider les garanties et chiffrer des dommages et réparations - Rédiger des ra…,,,,2025-03-22T05:47:39Z,https://www.adzuna.fr/land/ad/5105687480?se=wDCr8i4e8BG_XLfW0bWCew&utm_medium=api&utm_source=e1ad5111&v=577E9CA6AE8FCFB9EE392FB77EF62E63B99830E9,Unknown,fr,genie_civil_btp
Directeur construction (F/H),FRANCO SUISSE,"Ile-de-France, France","Vous êtes un expert de la construction passionné par les projets immobiliers haut de gamme ? Vous rêvez de piloter des réalisations d'exception, synonymes de qualité, d'élégance et d’exigence ? Vous souhaitez contribuer à la construction de projets vertueux et durables ? Vous souhaitez faire perpétuer le savoir-faire ancestral des constructions recourant à la pierre de taille et matériaux naturels ? Nous avons une opportunité taillée pour vous  Rejoignez Franco Suisse en tant que Directeur Cons…",,,,2025-03-01T10:25:36Z,https://www.adzuna.fr/land/ad/5068055237?se=wDCr8i4e8BG_XLfW0bWCew&utm_medium=api&utm_source=e1ad5111&v=007D7A9DA2BDFC18831982998A81839419442F9C,Emplois Immobilier,fr,genie_civil_btp
Ingénieur Projet Construction Industrielle,IM Projet,"Lyon, Rhône","Présentation de l'entreprise : Depuis plus de 30 ans, IM Projet (200 collaborateurs – 29 M€ en 2024) intervient dans la gestion de projets complexes, dans tous les secteurs d'activités : industrie, bâtiment, transports, systèmes d'information, R&D, … Rejoindre IM Projet , c'est intégrer une équipe passionnée , une société à taille humaine , reconnue pour son expertise en management de grands projets . Parce que notre croissance régulière est basée sur la qualité de nos missions et la fidélité d…",,,,2025-03-21T07:39:56Z,https://www.adzuna.fr/land/ad/5104020327?se=wDCr8i4e8BG_XLfW0bWCew&utm_medium=api&utm_source=e1ad5111&v=76C6029CECDC3B3FFFE16A4511638F5108D949A3,Unknown,fr,genie_civil_btp
Chef de Projets Construction ENR,TOROW,"Paris, Ile-de-France","Rattaché(e) au responsable de l'ingénierie, votre rôle est d'accompagner la réalisation de centrales photovoltaïques et parcs éoliens en tant que Chef de Projets Construction ENR sur les activités suivantes : Définir la stratégie des achats (prestations et fournitures) nécessaire au bon déroulement des projets Rédiger les cahiers des charges et participer au montage des appels d’offres Sélectionner les entreprises et élaborer les contrats de prestations / fournitures Assurer l’exécution des con…",,,,2025-04-09T04:56:26Z,https://www.adzuna.fr/land/ad/5136516041?se=wDCr8i4e8BG_XLfW0bWCew&utm_medium=api&utm_source=e1ad5111&v=3B35E846F86E1F9F510312B1929515816D1ABC56,Unknown,fr,genie_civil_btp
Economiste de la construction H/F,OCELLIS Groupe,"Suresnes, Nanterre","Qui sommes-nous ? Depuis 1999, OCELLIS, entreprise indépendante et certifiée, n'a cessé d'évoluer pour devenir l'un des acteurs majeurs de l’aménagement et de la rénovation des espaces professionnels. Elle a assuré son développant et sa croissance en intégrant toutes les compétences techniques pour proposer des services toujours plus personnalisés aux entreprises qui souhaitent aménager leurs bureaux et aux investisseurs qui désirent valoriser leurs actifs immobiliers. Nous sommes à la recherch…",,,,2025-04-14T07:37:08Z,https://www.adzuna.fr/land/ad/5143865243?se=wDCr8i4e8BG_XLfW0bWCew&utm_medium=api&utm_source=e1ad5111&v=D469FC5089CBD2C80C49CE429BAD5E3111276F67,Unknown,fr,genie_civil_btp
Chargé de Mission Construction (h/f) (CDI),LHH,France,"Poste : LHH Recruitment Solutions, cabinet de conseil en recrutement, travail temporaire spécialisé, gestion de transition et évaluation d'experts, cadres et dirigeants recherche pour son client, spécialisé dans le domaine de Travaux de menuiserie métallique et basé à CALAIS, en CDI un Chargé de Mission Construction (h/f). En tant que Chargé de projets Construction (h/f), vous jouerez un rôle clé dans le développement de l'entreprise. Vos missions incluront : Vous serez responsable de la superv…",,,permanent,2025-04-20T07:59:00Z,https://www.adzuna.fr/land/ad/5154248939?se=wDCr8i4e8BG_XLfW0bWCew&utm_medium=api&utm_source=e1ad5111&v=2486C3BA977C09FE4A30EE358EAC75068DDA1C8E,Unknown,fr,genie_civil_btp
Responsable du Service Construction H/F,Petit Forestier Group,"Villepinte, Le Raincy","Au coeur d'un Groupe où tous les métiers ont un sens, nous recherchons notre futur Responsable du Service Construction H/F. En tant que Responsable des Programmes Immobiliers, vous aurez la charge du pilotage et de la gestion des programmes immobiliers et des projets de construction, de rénovation et d'aménagement des sites du groupe Petit Forestier. Vous veillerez à la bonne exécution des programmes en termes de qualité, coûts et délais, en garantissant le respect des normes et réglementations…",,,,2025-03-27T08:41:00Z,https://www.adzuna.fr/land/ad/5113259050?se=wDCr8i4e8BG_XLfW0bWCew&utm_medium=api&utm_source=e1ad5111&v=1D295D82D3E28E517F53DD78BF9027079E23E6C6,Emplois Distribution et Entrepôts,fr,genie_civil_btp
Dessinateur en Constructions Métalliques H/F,Manpower,"Bergerac 1er Canton, Bergerac","Cette entreprise familiale spécialisée dans la construction métallique, est à la recherche d'un Dessinateur en Bureau d'Études H/F pour rejoindre son équipe à Gardonne. Reconnus pour leur proximité avec les clients, leur expertise, leur quête constante d'excellence, ils ont besoin d'agrandir l'équipe. Si vous partagez ces valeurs et avez une expérience solide en structures métalliques, nous serions ravis d'étudier votre candidature. Rattaché(e) au Directeur Technique et au sein d'une équipe plu…",35000,37000,,2025-04-18T05:27:59Z,https://www.adzuna.fr/land/ad/5150978409?se=wDCr8i4e8BG_XLfW0bWCew&utm_medium=api&utm_source=e1ad5111&v=6DAA4FC72817DC0DE13BDAFAC15899B14D4352FD,Unknown,fr,genie_civil_btp
Administrateur Contrats - Construction H/F,NEO2,"Mormant, Melun","Préparation et diffusion du compte rendu de la réunion de lancement avec les entreprises de construction.  Gestion administrative des contrats de construction, supervision du classement des différents courriers relatifs aux contrats de construction, préparation des réponses à toute correspondance des entreprises de construction, à la demande du gestionnaire de contrat/chef de projet.  Analyse et vérification de la validité contractuelle de tous les justificatifs fournis par les entreprises de …",45000,60000,,2025-04-09T06:02:34Z,https://www.adzuna.fr/details/5136636603?utm_medium=api&utm_source=e1ad5111,Emplois Informatique,fr,genie_civil_btp
Dessinateur Construction Bois H/F,G2RH,"Gétigné, Clisson","Noelène BRUNET, Consultante pour le cabinet de recrutement G2RH, recrute un Dessinateur ou une Dessinatrice expérimenté-e dans le secteur de la construction bois, pour un bureau d'études spécialisé en structures Bois, Béton et Métal basé dans le vignoble nantais (44). Notre partenaire, historiquement implanté en Loire-Atlantique et présent sur le grand ouest grâce à ses 4 agences, est reconnu pour son expertise en étude de projets de construction ou rénovation de bâtiments divers (bâtiments ind…",32000,38000,,2025-04-18T05:27:59Z,https://www.adzuna.fr/land/ad/5150978444?se=wDCr8i4e8BG_XLfW0bWCew&utm_medium=api&utm_source=e1ad5111&v=7E8E797D20761FAF8BFCFAB5511F378B01ACD37D,Unknown,fr,genie_civil_btp
Dessinateur en Constructions Métalliques H/F,Manpower,"La Force, Bergerac","Cette entreprise familiale spécialisée dans la construction métallique, est à la recherche d'un Dessinateur en Bureau d'Études H/F pour rejoindre son équipe à Gardonne. Reconnus pour leur proximité avec les clients, leur expertise, leur quête constante d'excellence, ils ont besoin d'agrandir l'équipe. Si vous partagez ces valeurs et avez une expérience solide en structures métalliques, nous serions ravis d'étudier votre candidature. Rattaché(e) au Directeur Technique et au sein d'une équipe plu…",35000,37000,,2025-04-18T05:27:59Z,https://www.adzuna.fr/land/ad/5150978407?se=wDCr8i4e8BG_XLfW0bWCew&utm_medium=api&utm_source=e1ad5111&v=79202019B8AD11696492A0F0D1F3BEFD5414DADF,Unknown,fr,genie_civil_btp
Commercial Sedentaire - Matériaux de Construction H/F,LITT,"Malzéville, Nancy","Rattaché(e) au Responsable d'Agence, vous participez à l'atteinte des objectifs commerciaux de l'agence, en support de l'équipe commerciale terrain. Vous êtes l'interlocuteur/trice du client en agence et vous mettez tout en oeuvre pour lui assurer le meilleur service. A ce titre, vous principales missions sont les suivantes : - Accueillir et renseigner les clients par téléphone ou en agence sur le plan technique, la disponibilité des produits et délais de livraison, les prix - Réaliser des vent…",23000,26000,,2025-03-06T05:33:38Z,https://www.adzuna.fr/land/ad/5078534592?se=wDCr8i4e8BG_XLfW0bWCew&utm_medium=api&utm_source=e1ad5111&v=8CD35FF981ADE06715FEE3064676FAEB0D2DDC46,Unknown,fr,genie_civil_btp
Economiste de la construction F/H,AIA Life Designers,"Rhône, Auvergne-Rhône-Alpes","QUI NOUS SOMMES? Chaque projet développé par AIA Life Designers est un engagement à proposer des solutions architecturales innovantes, soutenues par une réflexion constante des équipes lors de nos ateliers d'excellence (Santé, Enseignement, Mixité urbaine, Ville Ressource). Pour penser l'avenir de nos villes et concevoir des ouvrages qui contribueront à la santé et au bien-être des populations futures. AIA Life Designers se classe parmi les plus importants cabinets d'architecture de France. Nou…",45000,45000,permanent,2025-04-20T04:05:45Z,https://www.adzuna.fr/land/ad/5154063771?se=Ij5T9C4e8BGla2k9OSZXLA&utm_medium=api&utm_source=e1ad5111&v=A7A5DE872115D4FD1491700E63DD5BE42638BB53,Unknown,fr,genie_civil_btp
Economiste de la construction F/H,AIA Life Designers,"1er-Arrondissement, Lyon","QUI NOUS SOMMES? Chaque projet développé par AIA Life Designers est un engagement à proposer des solutions architecturales innovantes, soutenues par une réflexion constante des équipes lors de nos ateliers d'excellence (Santé, Enseignement, Mixité urbaine, Ville Ressource). Pour penser l'avenir de nos villes et concevoir des ouvrages qui contribueront à la santé et au bien-être des populations futures. AIA Life Designers se classe parmi les plus importants cabinets d'architecture de France. Nou…",45000,45000,permanent,2025-04-20T04:05:45Z,https://www.adzuna.fr/land/ad/5154063774?se=Ij5T9C4e8BGla2k9OSZXLA&utm_medium=api&utm_source=e1ad5111&v=FD27D23D12231BD2A95CA32357F89323EACFAF96,Unknown,fr,genie_civil_btp
Souscripteur construction H/F,GAN ASSURANCE,"Bezons, Argenteuil","Filiale du groupe Groupama depuis 1998, Gan Assurances est un assureur généraliste qui propose aux particuliers, professionnels et entreprises une offre complète adaptée aux besoins en auto, habitation, santé, prévoyance, épargne, retraite, placements, garanties professionnelles. Au service de 1,4 million de clients, Gan Assurances constitue le 5e réseau français d'Agents généraux en France, grâce à ses 830 Agents généraux et 2100 collaborateurs d'agence, soutenus par 1650 salariés répartis sur…",,,permanent,2025-04-17T19:45:24Z,https://www.adzuna.fr/land/ad/5150126363?se=Ij5T9C4e8BGla2k9OSZXLA&utm_medium=api&utm_source=e1ad5111&v=24E5984B99266496003C1BBB8B037A62099CEC6E,Unknown,fr,genie_civil_btp
Souscripteur construction H/F,GAN ASSURANCE,"La Défense, Courbevoie","Filiale du groupe Groupama depuis 1998, Gan Assurances est un assureur généraliste qui propose aux particuliers, professionnels et entreprises une offre complète adaptée aux besoins en auto, habitation, santé, prévoyance, épargne, retraite, placements, garanties professionnelles. Au service de 1,4 million de clients, Gan Assurances constitue le 5e réseau français d'Agents généraux en France, grâce à ses 830 Agents généraux et 2100 collaborateurs d'agence, soutenus par 1650 salariés répartis sur…",,,permanent,2025-04-17T19:45:24Z,https://www.adzuna.fr/land/ad/5150126304?se=Ij5T9C4e8BGla2k9OSZXLA&utm_medium=api&utm_source=e1ad5111&v=DB98275C1C8F6FE160AE51BBD2EA967447520C3C,Unknown,fr,genie_civil_btp
Souscripteur construction H/F,GAN ASSURANCE,"Houilles, Saint-Germain-en-Laye","Filiale du groupe Groupama depuis 1998, Gan Assurances est un assureur généraliste qui propose aux particuliers, professionnels et entreprises une offre complète adaptée aux besoins en auto, habitation, santé, prévoyance, épargne, retraite, placements, garanties professionnelles. Au service de 1,4 million de clients, Gan Assurances constitue le 5e réseau français d'Agents généraux en France, grâce à ses 830 Agents généraux et 2100 collaborateurs d'agence, soutenus par 1650 salariés répartis sur…",,,permanent,2025-04-17T19:45:24Z,https://www.adzuna.fr/land/ad/5150126357?se=Ij5T9C4e8BGla2k9OSZXLA&utm_medium=api&utm_source=e1ad5111&v=08522F9B7856294ACB0305B7C401264B11154395,Unknown,fr,genie_civil_btp
Souscripteur construction H/F,GAN ASSURANCE,"Chatou, Saint-Germain-en-Laye","Filiale du groupe Groupama depuis 1998, Gan Assurances est un assureur généraliste qui propose aux particuliers, professionnels et entreprises une offre complète adaptée aux besoins en auto, habitation, santé, prévoyance, épargne, retraite, placements, garanties professionnelles. Au service de 1,4 million de clients, Gan Assurances constitue le 5e réseau français d'Agents généraux en France, grâce à ses 830 Agents généraux et 2100 collaborateurs d'agence, soutenus par 1650 salariés répartis sur…",,,permanent,2025-04-17T19:45:24Z,https://www.adzuna.fr/land/ad/5150126360?se=Ij5T9C4e8BGla2k9OSZXLA&utm_medium=api&utm_source=e1ad5111&v=BCEA0427BEA53F9CDCFC23E0F7365D8E2E07B0B4,Unknown,fr,genie_civil_btp
Souscripteur construction H/F,GAN ASSURANCE,"Suresnes, Nanterre","Filiale du groupe Groupama depuis 1998, Gan Assurances est un assureur généraliste qui propose aux particuliers, professionnels et entreprises une offre complète adaptée aux besoins en auto, habitation, santé, prévoyance, épargne, retraite, placements, garanties professionnelles. Au service de 1,4 million de clients, Gan Assurances constitue le 5e réseau français d'Agents généraux en France, grâce à ses 830 Agents généraux et 2100 collaborateurs d'agence, soutenus par 1650 salariés répartis sur…",,,permanent,2025-04-17T19:45:24Z,https://www.adzuna.fr/land/ad/5150126314?se=Ij5T9C4e8BGla2k9OSZXLA&utm_medium=api&utm_source=e1ad5111&v=573EC6D862F42BFA559FBA61D395390EE136BFF4,Unknown,fr,genie_civil_btp
Souscripteur construction H/F,GAN ASSURANCE,"Puteaux, Nanterre","Filiale du groupe Groupama depuis 1998, Gan Assurances est un assureur généraliste qui propose aux particuliers, professionnels et entreprises une offre complète adaptée aux besoins en auto, habitation, santé, prévoyance, épargne, retraite, placements, garanties professionnelles. Au service de 1,4 million de clients, Gan Assurances constitue le 5e réseau français d'Agents généraux en France, grâce à ses 830 Agents généraux et 2100 collaborateurs d'agence, soutenus par 1650 salariés répartis sur…",,,permanent,2025-04-17T19:45:24Z,https://www.adzuna.fr/land/ad/5150126326?se=Ij5T9C4e8BGla2k9OSZXLA&utm_medium=api&utm_source=e1ad5111&v=C21FBDC23479F42707C2498DE2E8781811FA88F7,Unknown,fr,genie_civil_btp
Souscripteur construction H/F,GAN ASSURANCE,"Rueil-Malmaison, Nanterre","Filiale du groupe Groupama depuis 1998, Gan Assurances est un assureur généraliste qui propose aux particuliers, professionnels et entreprises une offre complète adaptée aux besoins en auto, habitation, santé, prévoyance, épargne, retraite, placements, garanties professionnelles. Au service de 1,4 million de clients, Gan Assurances constitue le 5e réseau français d'Agents généraux en France, grâce à ses 830 Agents généraux et 2100 collaborateurs d'agence, soutenus par 1650 salariés répartis sur…",,,permanent,2025-04-17T19:45:24Z,https://www.adzuna.fr/land/ad/5150126309?se=Ij5T9C4e8BGla2k9OSZXLA&utm_medium=api&utm_source=e1ad5111&v=32496FA8D64B549707A492201644F46B4261A38D,Unknown,fr,genie_civil_btp
Souscripteur construction H/F,GAN ASSURANCE,"Hauts-de-Seine, Ile-de-France","Filiale du groupe Groupama depuis 1998, Gan Assurances est un assureur généraliste qui propose aux particuliers, professionnels et entreprises une offre complète adaptée aux besoins en auto, habitation, santé, prévoyance, épargne, retraite, placements, garanties professionnelles. Au service de 1,4 million de clients, Gan Assurances constitue le 5e réseau français d'Agents généraux en France, grâce à ses 830 Agents généraux et 2100 collaborateurs d'agence, soutenus par 1650 salariés répartis sur…",,,permanent,2025-04-17T15:33:05Z,https://www.adzuna.fr/land/ad/5149720171?se=Ij5T9C4e8BGla2k9OSZXLA&utm_medium=api&utm_source=e1ad5111&v=E9ED82F1D9C171F60F91A1A2090DB969ADA1B4F5,Unknown,fr,genie_civil_btp
Souscripteur construction H/F,GAN ASSURANCE,"Neuilly-sur-Seine, Nanterre","Filiale du groupe Groupama depuis 1998, Gan Assurances est un assureur généraliste qui propose aux particuliers, professionnels et entreprises une offre complète adaptée aux besoins en auto, habitation, santé, prévoyance, épargne, retraite, placements, garanties professionnelles. Au service de 1,4 million de clients, Gan Assurances constitue le 5e réseau français d'Agents généraux en France, grâce à ses 830 Agents généraux et 2100 collaborateurs d'agence, soutenus par 1650 salariés répartis sur…",,,permanent,2025-04-17T19:45:24Z,https://www.adzuna.fr/land/ad/5150126313?se=Ij5T9C4e8BGla2k9OSZXLA&utm_medium=api&utm_source=e1ad5111&v=56046880529B20D817A97F9FAA2FFB8F48BEB9AF,Unknown,fr,genie_civil_btp
Souscripteur construction H/F,GAN ASSURANCE,"Colombes, Nanterre","Filiale du groupe Groupama depuis 1998, Gan Assurances est un assureur généraliste qui propose aux particuliers, professionnels et entreprises une offre complète adaptée aux besoins en auto, habitation, santé, prévoyance, épargne, retraite, placements, garanties professionnelles. Au service de 1,4 million de clients, Gan Assurances constitue le 5e réseau français d'Agents généraux en France, grâce à ses 830 Agents généraux et 2100 collaborateurs d'agence, soutenus par 1650 salariés répartis sur…",,,permanent,2025-04-17T19:45:24Z,https://www.adzuna.fr/land/ad/5150126308?se=Ij5T9C4e8BGla2k9OSZXLA&utm_medium=api&utm_source=e1ad5111&v=34AADF5DDB0B940242F848D7707F31BA981BF473,Unknown,fr,genie_civil_btp
Machiniste en matériaux de construction,TEMPORIS,"Longvic, Dijon","Si vous êtes passionné par la précision et l'efficacité, nous avons le poste idéal  Nous recherchons un machiniste industriel H/F pour notre client basé à Longvic. Vos missions : -Réparer et fabriquer des pièces métalliques nécessaires aux travaux généraux d'entretien, de la machinerie, de l'équipement et de l'outillage. -Usiner, rectifier, aléser, meuler, ajuster diverses pièces mécaniques. -Vérifier et contrôler les dimensions des pièces en cours de production à l'aide d'instruments de mesure…",,,contract,2025-04-16T14:27:58Z,https://www.adzuna.fr/land/ad/5147343970?se=Ij5T9C4e8BGla2k9OSZXLA&utm_medium=api&utm_source=e1ad5111&v=57EA1AF1C5CB807BDF523535C90692D04354167F,Unknown,fr,genie_civil_btp
Dessinateur / Dessinatrice de la construction,TEMPORIS,"Saint-Orens-de-Gameville, Toulouse","Chez Temporis, chaque talent est important Nous recherchons pour l'un de nos clients, un Dessinateur Projeteur menuiserie (h/f) Vous effectuerez les missions suivantes : - Élaboration de dessins de menuiseries industrielles et charpentes - Mise en place et suivi du projet - Élaboration d'études de faisabilité - Dessine les ensembles et sous-ensembles à l'aide de la nomenclature associée - Détermine et calcule les contraintes fonctionnelles, physiques, dimensionnelles, structurelles ou géométriq…",,,permanent,2025-04-18T14:28:23Z,https://www.adzuna.fr/land/ad/5151606218?se=Ij5T9C4e8BGla2k9OSZXLA&utm_medium=api&utm_source=e1ad5111&v=5A16E0BD4BAA6919418119C59343902898436C5E,Unknown,fr,genie_civil_btp
Chargé d'Opérations Construction H/F,Ville d'Annecy,"Argonay, Annecy","La Direction de la Conception et Réalisation des Espaces Publics de la ville d'Annecy composée de 20 agents, recherche pour son pôle Conduite d'opérations un Chargé d'opérations construction H/F à temps complet. Il s'agit d'un contrat de projet de 3 ans. Rattaché(e) au directeur, vous assurez le pilotage de la conception et de la réalisation des opérations d'aménagement lourdes de l'espace public ou d'ouvrages d'infrastructure au sein de la collectivité. A ce titre, vos missions principales son…",42000,48000,,2025-04-03T02:52:43Z,https://www.adzuna.fr/land/ad/5125583453?se=Ij5T9C4e8BGla2k9OSZXLA&utm_medium=api&utm_source=e1ad5111&v=793EE37C7889C37B710654023DE396D0FA03E2BD,Emplois Autres/Général,fr,genie_civil_btp
Economiste de la Construction H/F,Phosphoris,"Saint-Mandé, Nogent-sur-Marne","Dans le cadre de notre développement, Space15 recherche un(e) Économiste de la construction expérimenté(e) pour rejoindre son équipe dynamique de 6 à 8 personnes, basée à Aubevoye (27). Vous souhaitez relever des défis stimulants sur des projets complexes ? Ce poste est une opportunité unique de mettre à profit vos compétences dans la gestion des coûts et l'optimisation des budgets, tout en contribuant activement à la réussite de projets ambitieux. VOS MISSIONS - Réaliser les études de prix et …",,,,2025-02-04T20:13:27Z,https://www.adzuna.fr/details/5037444126?utm_medium=api&utm_source=e1ad5111,Emplois Autres/Général,fr,genie_civil_btp
Tuyauteurs / Tuyauteuses en construction navale,OCEA,"Talmont-Saint-Hilaire, Les Sables-d'Olonne","Description du poste Depuis plus de 30 ans, OCEA est un pionnier dans la conception et la construction de navires en aluminium jusqu’à 85 mètres, offrant des aménagements et des performances spécifiquement adaptés à leur exploitation. Grâce à une stratégie d’innovation maîtrisée, des moyens de conception internes, et une organisation dédiée à la gestion de projets, OCEA intervient essentiellement à l’international dans les domaines de la surveillance côtière, de l’environnement, du transport de…",22000,27000,permanent,2025-04-18T04:48:30Z,https://www.adzuna.fr/land/ad/5150943750?se=Ij5T9C4e8BGla2k9OSZXLA&utm_medium=api&utm_source=e1ad5111&v=E7C387912A6572C820411E5BBDA33BBC82C10D5C,Emplois Autres/Général,fr,genie_civil_btp
Souscripteur Conseil Construction - CDI - Nancy H/F,SMABTP,"Malzéville, Nancy","Au sein de l'équipe Souscription basée à NANCY, vous serez l'interlocuteur de notre réseau de courtiers agréés pour procéder à la mise en place de contrats d'assurance pour une clientèle de professionnels sur le risque construction. A ce titre, vos principales missions seront de : - Analyser la demande d'assurance transmise par le courtier, et si besoin, faire procéder à une étude de risque, - Déterminer les conditions de garanties, de tarification et établir les projets de contrat pour les aff…",,,,2025-02-08T07:28:44Z,https://www.adzuna.fr/land/ad/5042353443?se=Ij5T9C4e8BGla2k9OSZXLA&utm_medium=api&utm_source=e1ad5111&v=75AA7DB51C7AA99A83BED6F1F920041B0563D393,Unknown,fr,genie_civil_btp
Technico-Commercial Itinerant - Matériaux de Construction H/F,Larivière,"Malakoff, Antony","Rattaché(e) au Responsable d'Agence, vous aurez à coeur de créer et de développer le portefeuille de clients professionnels de votre secteur. Proche du terrain, attentif(ve) aux exigences et aux problématiques de vos clients, vous saurez leur apporter le conseil et les réponses techniques appropriées. C'est cette approche « gagnant / gagnant » qui vous permettra de développer et de fidéliser durablement vos clients en les accompagnant dans leurs projets. Votre quotidien : - Fidéliser votre port…",26000,32000,,2025-02-04T20:21:08Z,https://www.adzuna.fr/land/ad/5037567391?se=Ij5T9C4e8BGla2k9OSZXLA&utm_medium=api&utm_source=e1ad5111&v=461601FEE831BE49741B1559C5A51C4C5AA218C2,Unknown,fr,genie_civil_btp
Commercial en Construction de Centrales Photovoltaïque H/F,Liane RH,"Pont-Rousseau, Rezé","Pour qui ? Notre partenaire est un spécialiste de l'industrie photovoltaïque depuis une quinzaine d'années et accompagne ses clients en Europe. Ils n'interviennent pas dans le développement de projets, mais contribuent à la construction de projets « prêts à construire » et accompagnent certains clients dans l'estimation des coûts liés à la structure en phase d'avant-projet. Avec plus de 700 MWc de puissance installée, et de plus en plus de projets réalisés, nous recherchons dans le cadre de son…",40000,45000,,2025-03-19T06:37:38Z,https://www.adzuna.fr/land/ad/5100415153?se=Ij5T9C4e8BGla2k9OSZXLA&utm_medium=api&utm_source=e1ad5111&v=8B15E447E3B50FB199EE0CBA05914E9EBEB56FF4,Unknown,fr,genie_civil_btp
Commercial en Construction de Centrales Photovoltaïque H/F,Liane RH,"Haute-Garonne, Occitanie","Pour qui ? Notre partenaire est un spécialiste de l'industrie photovoltaïque depuis une quinzaine d'années et accompagne ses clients en Europe. Ils n'interviennent pas dans le développement de projets, mais contribuent à la construction de projets « prêts à construire » et accompagnent certains clients dans l'estimation des coûts liés à la structure en phase d'avant-projet. Avec plus de 700 MWc de puissance installée, et de plus en plus de projets réalisés, nous recherchons dans le cadre de son…",40000,45000,,2025-03-19T06:37:40Z,https://www.adzuna.fr/land/ad/5100415271?se=Ij5T9C4e8BGla2k9OSZXLA&utm_medium=api&utm_source=e1ad5111&v=54941D35B2EF05BA11E7360415C00AA5C702CD95,Unknown,fr,genie_civil_btp
Commercial en Construction de Centrales Photovoltaïque H/F,Liane RH,"Bouches-du-Rhône, Provence-Alpes-Côte d'Azur","Pour qui ? Notre partenaire est un spécialiste de l'industrie photovoltaïque depuis une quinzaine d'années et accompagne ses clients en Europe. Ils n'interviennent pas dans le développement de projets, mais contribuent à la construction de projets « prêts à construire » et accompagnent certains clients dans l'estimation des coûts liés à la structure en phase d'avant-projet. Avec plus de 700 MWc de puissance installée, et de plus en plus de projets réalisés, nous recherchons dans le cadre de son…",40000,45000,,2025-03-19T06:37:39Z,https://www.adzuna.fr/land/ad/5100415215?se=Ij5T9C4e8BGla2k9OSZXLA&utm_medium=api&utm_source=e1ad5111&v=FC787BD8BD9340AFF0980664E9BC1C208E0E9AA3,Unknown,fr,genie_civil_btp
Commercial en Construction de Centrales Photovoltaïque H/F,Liane RH,"Hérault, Occitanie","Pour qui ? Notre partenaire est un spécialiste de l'industrie photovoltaïque depuis une quinzaine d'années et accompagne ses clients en Europe. Ils n'interviennent pas dans le développement de projets, mais contribuent à la construction de projets « prêts à construire » et accompagnent certains clients dans l'estimation des coûts liés à la structure en phase d'avant-projet. Avec plus de 700 MWc de puissance installée, et de plus en plus de projets réalisés, nous recherchons dans le cadre de son…",40000,45000,,2025-03-19T06:37:38Z,https://www.adzuna.fr/land/ad/5100415120?se=Ij5T9C4e8BGla2k9OSZXLA&utm_medium=api&utm_source=e1ad5111&v=02AABBEA7D5328C7DCE349F73BDF48DDCD7D09C8,Unknown,fr,genie_civil_btp
Commercial en Construction de Centrales Photovoltaïque H/F,Liane RH,"Rhône, Auvergne-Rhône-Alpes","Pour qui ? Notre partenaire est un spécialiste de l'industrie photovoltaïque depuis une quinzaine d'années et accompagne ses clients en Europe. Ils n'interviennent pas dans le développement de projets, mais contribuent à la construction de projets « prêts à construire » et accompagnent certains clients dans l'estimation des coûts liés à la structure en phase d'avant-projet. Avec plus de 700 MWc de puissance installée, et de plus en plus de projets réalisés, nous recherchons dans le cadre de son…",40000,45000,,2025-03-19T06:37:38Z,https://www.adzuna.fr/land/ad/5100415167?se=Ij5T9C4e8BGla2k9OSZXLA&utm_medium=api&utm_source=e1ad5111&v=F666C22324392F98B359D1389F5A95ACDCD4921F,Unknown,fr,genie_civil_btp
Ingénieur Construction H/F,TSE Energy,"Côte-d'Or, Bourgogne-Franche-Comté","Vos activités et responsabilités : Rattaché hiérarchiquement sous l'autorité du Directeur Construction, au sein du Pôle Construction & Exploitation vos missions serons : Préparation de la phase Construction : · Participer au design des installations et recherches des optimisations possibles, · Suivi et analyse des études préliminaires (études géotechniques, structure, réseaux), · Mise en place du pilotage et de la coordination avec le Pôle Opérationnel, · Participer à la rédaction des CCTP et é…",36000,42000,,2025-04-09T04:32:56Z,https://www.adzuna.fr/details/5136489765?utm_medium=api&utm_source=e1ad5111,Unknown,fr,genie_civil_btp
Economiste de la Construction H/F,Projex,"Villeneuve-d'Ascq, Lille","Dans le cadre du développement du service économie de la construction de Villeneuve-d'Ascq, nous recherchons un économiste de la construction dont les principales missions seront : - L'établissement des métrés et le chiffrage des coûts de construction TCE, en lien avec les ingénieurs spécialistes et le chef de projet. - La mise au point des prestations pour le respect de l'enveloppe budgétaire tout au long du projet. - La rédaction des pièces écrites aux différents stades d'avancement des étude…",,,,2025-04-17T04:42:41Z,https://www.adzuna.fr/details/5148746085?utm_medium=api&utm_source=e1ad5111,Emplois Informatique,fr,genie_civil_btp
Souscripteur.rice en Risques de la construction - Marseille,Albingia,"Marseille, Bouches-du-Rhône","Seule compagnie d’assurance 100% française et indépendante, Albingia est le spécialiste incontournable des risques d’entreprises en France depuis 60 ans. Elle a fait le choix stratégique de s’appuyer exclusivement sur un réseau de courtiers partenaires qu’elle accompagne dans tout l’hexagone. Forte de son esprit entrepreneurial, Albingia est reconnue pour son expertise, sa technicité et son agilité. Elle a à cœur la qualité de son partenariat avec le courtage. Ses valeurs en sont l’illustration…",,,,2025-01-06T08:16:13Z,https://www.adzuna.fr/land/ad/4999400712?se=Ij5T9C4e8BGla2k9OSZXLA&utm_medium=api&utm_source=e1ad5111&v=7D973AEDB9F2453257219FCCDB69B2EF618B72B0,Emplois Droit,fr,genie_civil_btp
Directeur de la construction - Haute Savoie (74),Franco Suisse 2 Lacs,"Beaumont, Clermont-Ferrand","Vous êtes un expert de la construction passionné par les projets immobiliers haut de gamme ? Vous rêvez de piloter des réalisations d'exception, synonymes de qualité, d'élégance et d’exigence ? Vous souhaitez contribuer à la construction de projets vertueux et durables ? Nous avons une opportunité taillée pour vous  Vous souhaitez contribuer à une tradition d’excellence au service de l’innovation et du patrimoine ? Rejoignez-nous  Nous recherchons pour notre agence située à Beaumont (74) , un /…",,,,2025-03-25T03:26:32Z,https://www.adzuna.fr/land/ad/5109526104?se=Ij5T9C4e8BGla2k9OSZXLA&utm_medium=api&utm_source=e1ad5111&v=CC774FC589EB3D30E628A7DA0DBF04AF33B79176,Emplois Immobilier,fr,genie_civil_btp
Souscripteur en Construction H/F,Expectra,"Parçay-Meslay, Vouvray","Nous recherchons pour le compte de notre client, un Souscripteur Construction, pour un courtier en Assurance. Au sein du département Construction de la Division Entreprises, vous prenez en charge la souscription des contrats Dommages-Ouvrage, RC Constructeur Non Réalisateur, Tous Risques Chantier, RC Maître d'Ouvrage, Contrat Collectif de Responsabilité Décennale qui vous seront confiés. Vos missions principales seront : - Savoir Participer à la découverte des besoins du client par des Visiocon…",35000,42000,,2025-03-15T07:04:16Z,https://www.adzuna.fr/land/ad/5094751643?se=Ij5T9C4e8BGla2k9OSZXLA&utm_medium=api&utm_source=e1ad5111&v=C650666CCEF1462679B0E4E47AF72413AE3762B5,Unknown,fr,genie_civil_btp
Project Manager - Boat Construction - Indonesia,Persée Boats,"Nantes, Loire-Atlantique","Job Title: Project Manager – Boat Production Location: Indonesia Employment Type: Full-Time Industry: Luxury Wooden Boat Manufacturing About Us We are a leading manufacturer of luxury wooden boats, renowned for our meticulous craftsmanship and innovative designs. With high-profile projects for international clients, we are expanding our operations to international market and seeking a dynamic Project Manager to direct and oversee the entire boat production process from concept to completion. Ro…",,,,2025-02-15T02:43:37Z,https://www.adzuna.fr/land/ad/5050486787?se=Ij5T9C4e8BGla2k9OSZXLA&utm_medium=api&utm_source=e1ad5111&v=1ABC73FBF8C6A36EB9AD6E685655562D251A8B18,Unknown,fr,genie_civil_btp
Ingénieur Chargé d'Affaires Construction H/F,Socotec,"La Garde, Toulon","La filiale SOCOTEC Construction & Immobilier accompagne ses clients tout au long du déroulement de leurs projets, depuis la phase de conception, jusqu'à la réception de l'opération, en proposant son expertise en matière de Contrôle Technique visant à sécuriser les projets. Cette mission vise tous les ouvrages de l'opération, mais cible les aléas (solidité, sécurité, accessibilité, confort acoustique) et est complétée par la réalisation d'attestations diverses (parasismique, acoustique, RT2012) …",,,,2025-02-04T20:21:27Z,https://www.adzuna.fr/land/ad/5037574166?se=Ij5T9C4e8BGla2k9OSZXLA&utm_medium=api&utm_source=e1ad5111&v=7FC8B91EDA8FAE6303CEC96DD2E18525CAD744D0,Unknown,fr,genie_civil_btp
Chargé d'affaires pré-construction,TOROW,"Montpellier, Hérault","Sous la responsabilité du chargé d’affaires réalisation, vous assurerez le suivi des travaux en dans le cadre du développement et de la construction d’une centrale solaire au sol sur une surface de 122 hectares (130 MWc). Le projet comprend plusieurs zones, la création d’un poste HTB et mobilise plusieurs EPCistes sur les différentes phases : préparation de site (VRD), défrichement, installation générale et travaux HTB. La maîtrise d’œuvre (MOE) est également impliquée afin de garantir la bonne…",,,,2025-04-09T04:55:41Z,https://www.adzuna.fr/land/ad/5136513302?se=Ij5T9C4e8BGla2k9OSZXLA&utm_medium=api&utm_source=e1ad5111&v=13D33CD557AADC7E8DC371A3FE4AE3194B7FBF92,Unknown,fr,genie_civil_btp
Construction Cost Controller F/H,"IDOM Consulting, Engineering, Architecture",France,"L’entreprise : IDOM, née en 1957, est une des premières entreprises d’ingénierie créée en Espagne. C’est une société indépendante, dont la totalité du capital est détenue par ses employés et qui offre des services professionnels intégrés. Elle compte, de nos jours, plus de 4 300 collaborateurs et est implantée dans plus de 40 villes de 20 pays différents, dont la France. Depuis sa création, IDOM a réalisé plus de 30 000 projets dans 130 pays et collaboré avec plus de 12 000 clients. Une des pri…",,,,2025-04-11T05:28:35Z,https://www.adzuna.fr/land/ad/5139963029?se=Ij5T9C4e8BGla2k9OSZXLA&utm_medium=api&utm_source=e1ad5111&v=60B83D13EF7F93B95CEC584280F74AA9BE37DC5C,Unknown,fr,genie_civil_btp
Dessinateur construction bois H/F,Hays,"Remiremont, Epinal","Notre client est une belle entreprise vosgienne située à proximité de Remiremont, spécialisée en conception, fabrication et pose de charpentes industrielles et traditionnelles bois, ainsi que de murs ossature bois. En plein développement, celui-ci recherche actuellement un Dessinateur expérimenté dans ce domaine pour son bureau d'études. Rattaché au Responsable du service, vous prenez en charge la réalisation d'études et de plans de charpentes. Vous réalisez des plans de fabrication et de monta…",,,,2025-04-05T08:47:46Z,https://www.adzuna.fr/land/ad/5130860291?se=Ij5T9C4e8BGla2k9OSZXLA&utm_medium=api&utm_source=e1ad5111&v=318450808FC6D19903EC066087CCE6BB4EAE1169,Unknown,fr,genie_civil_btp
Expert Construction H/F,3C.,"Meaux, Seine-et-Marne","Dans le cadre du développement de son activité, 3C Expertises IDF recherche un Expert construction auprès des compagnies d'assurance F/H. Femme ou homme de terrain, vous êtes l'interlocuteur entre les sinistrés et nos mandants, les compagnies d'assurance. Votre goût de la relation client et de l'échange humain sont des atouts qui porteront votre réussite. Vous avez à coeur d'accompagner les assurés dans la résolution de leur sinistre, tout en maintenant des relations positives et porteuses de l…",40000,60000,,2025-04-12T04:31:30Z,https://www.adzuna.fr/details/5141587670?utm_medium=api&utm_source=e1ad5111,Unknown,fr,genie_civil_btp
Expert Construction H/F,3C.,"Chéroy, Sens","Dans le cadre du développement de son activité, 3C Expertises Grand-Est recherche un Expert construction auprès des compagnies d'assurance F/H. Femme ou homme de terrain, vous êtes l'interlocuteur entre les sinistrés et nos mandants, les compagnies d'assurance. Votre goût de la relation client et de l'échange humain sont des atouts qui porteront votre réussite. Vous avez à coeur d'accompagner les assurés dans la résolution de leur sinistre, tout en maintenant des relations positives et porteuse…",40000,55000,,2025-04-12T04:31:30Z,https://www.adzuna.fr/details/5141587667?utm_medium=api&utm_source=e1ad5111,Unknown,fr,genie_civil_btp
Expert Construction H/F,3C.,"Rennes-Sud-Est, Rennes","Dans le cadre du développement de son activité, 3C Expertises Centre-Ouest recherche un Expert construction auprès des compagnies d'assurance F/H. Femme ou homme de terrain, vous êtes l'interlocuteur entre les sinistrés et nos mandants, les compagnies d'assurance. Votre goût de la relation client et de l'échange humain sont des atouts qui porteront votre réussite. Vous avez à coeur d'accompagner les assurés dans la résolution de leur sinistre, tout en maintenant des relations positives et porte…",40000,50000,,2025-04-12T04:31:30Z,https://www.adzuna.fr/details/5141587647?utm_medium=api&utm_source=e1ad5111,Unknown,fr,genie_civil_btp
Construction Project Manager (m/f/d),Cumming Group UK & Europe,"Paris, Ile-de-France","Your tasks Provide support for day to day delivery responsibility for projects and programmes of work and demonstrate the ability to take on tasks with minimal supervision. Prepare budget estimates, cost plans and client reports. Support evaluation of tenders, contractor selection and contract documentation. Contract administration including preparation of valuations, forecasts, cost reports and attendance at project meetings. Preparation of bills of quantities, schedules of rates, or other met…",,,,2025-03-30T05:43:28Z,https://www.adzuna.fr/land/ad/5118440355?se=Ij5T9C4e8BGla2k9OSZXLA&utm_medium=api&utm_source=e1ad5111&v=6D78BDBC6E7D69150AC11052BE9B7DB3070E8B0D,Unknown,fr,genie_civil_btp
Construction Project Manager (m/f/d),Cumming Group UK & Europe,"Paris, Ile-de-France","Your tasks: Supporting the use of the full range of Project Management Process. Assume day to day responsibility for small-medium sized projects and demonstrate the ability to take on tasks with minimal supervision and supporting larger projects and programmes of work. Support knowledge capture, sharing and innovation. Seek advice on procurement and contracts. Support preparation and evaluation of tenders, contractor/consultant selection and contract documentation. Support risk and value manage…",,,,2025-03-30T05:41:04Z,https://www.adzuna.fr/land/ad/5118438273?se=Ij5T9C4e8BGla2k9OSZXLA&utm_medium=api&utm_source=e1ad5111&v=C71CBF50D211625F4F3AEA6CE0879225FB4B874F,Unknown,fr,genie_civil_btp
Design And Construction Manager Construction Project Team H/F,Amazon France Logistique SAS,"Clichy, Nanterre","DESCRIPTION : Amazon opened its virtual doors in 1995 and strives to BE the world's most customer-centric company, where customers can find and discover anything they might want to buy online. The successful candidate will BE a key part of the Design and Construction team and will BE responsible for project managing new Amazon Delivery Stations (DS) planning, design and construction. This will include the extension of existing facilities and any new sites. The Construction Manager will play an …",,,,2025-03-26T08:38:39Z,https://www.adzuna.fr/land/ad/5111977854?se=Ij5T9C4e8BGla2k9OSZXLA&utm_medium=api&utm_source=e1ad5111&v=40188A0EDAAE0694563E6D643F5AE409F930366E,Unknown,fr,genie_civil_btp
Responsable de pôle économie de la construction f/h (CDI),LHH,France,"Poste : Expérimenté en économie de la construction, à la fois un Manager et Expert, le candidat aura la responsabilité du service « économie de la construction » composé de 3 collaborateurs et serez amené à intervenir sur des projets variés dans le domaine privé et public en construction et en réhabilitation. Ses missions principales seront les suivantes. 1/ Développer l’activité.- Identifier et contacter des clients externes et internes afin de leur proposer les services de l’équipe. - Rédiger…",,,permanent,2025-04-02T03:26:09Z,https://www.adzuna.fr/land/ad/5123161201?se=Ij5T9C4e8BGla2k9OSZXLA&utm_medium=api&utm_source=e1ad5111&v=EAD3322BCB2012E320DBDE51CE4EAD756159A6EE,Unknown,fr,genie_civil_btp
Directeur Construction Metallique H/F,FAYAT METAL,"Mazières-en-Gâtine, Parthenay","Nous recherchons un(e) DIRECTEUR CONSTRUCTION METALLIQUE (H/F) rattaché(e) au Directeur de site. Vous diriger les activités commerciales, de conception et de sous-traitance de production afin d'atteindre les objectifs du département constructions métalliques : performance économique, performance sécurité et satisfaction clients. VOS MISSIONS : Piloter la stratégie et le développement des ventes de produits et de prestations Construction MétalliqueDévelopper et entretenir les relations commercia…",,,,2025-02-04T19:25:55Z,https://www.adzuna.fr/land/ad/5036967516?se=Ij5T9C4e8BGla2k9OSZXLA&utm_medium=api&utm_source=e1ad5111&v=7CD5FB7A24BDBA069672506ED8BD1BF321FF0876,Unknown,fr,genie_civil_btp
Ingénieur Travaux Construction Bois H/F,Talents Construction,"Malzéville, Nancy","Notre client, une société spécialisée dans la construction durable, recherche un(e) Ingénieur Travaux en Construction Bois. Le poste est à pourvoir à Lille, en CDI. Les missions : En tant qu'Ingénieur Travaux en construction bois, vous êtes le garant du bon déroulement des projets, de la préparation à la livraison. Vous intervenez en construction, en bois principalement ou charpentes métalliques, sur des projets pluridisciplinaires. À ce titre, vos missions principales sont : - Vous assurez la …",40000,43000,,2025-04-15T04:44:55Z,https://www.adzuna.fr/land/ad/5144965919?se=Ij5T9C4e8BGla2k9OSZXLA&utm_medium=api&utm_source=e1ad5111&v=DF7492EF69B73D187F91FCD7F23429343EE285E9,Unknown,fr,genie_civil_btp
Ingénieur Travaux Construction Bois H/F,Talents Construction,"Amiens 3e (Nord-Est), Amiens","Notre client, une société spécialisée dans la construction durable, recherche un(e) Ingénieur Travaux en Construction Bois. Le poste est à pourvoir à Amiens, en CDI. Les missions : En tant qu'Ingénieur Travaux en construction bois, vous êtes le garant du bon déroulement des projets, de la préparation à la livraison. Vous intervenez en construction, en bois principalement ou charpentes métalliques, sur des projets pluridisciplinaires. À ce titre, vos missions principales sont : - Vous assurez la…",38000,43000,,2025-04-16T04:51:43Z,https://www.adzuna.fr/land/ad/5146783849?se=Ij5T9C4e8BGla2k9OSZXLA&utm_medium=api&utm_source=e1ad5111&v=2EF573115B616B82B4AAAACF0C5F16023C4932A6,Unknown,fr,genie_civil_btp
Ingénieur Contrôle Technique Construction H/F,Bureau Veritas,"Saint-Paul, La Réunion","Découvrez un projet qui vous correspond vraiment Agir et développer vos talents ? Créer votre carrière ? Oser, proposer, inventer et transformer le monde dans lequel nous vivons ? Oui, oui et oui ? Alors, rejoignez Bureau Veritas en tant qu' Ingénieur Contrôle Technique Construction (F-H-X) à LE PORT (974) en CDI. Nous sommes acteurs du quotidien et un des leaders mondiaux du testing, de l'inspection et de la certification depuis près de 200 ans. Acteurs de la transformation du monde, aux côtés…",,,,2025-02-04T19:23:09Z,https://www.adzuna.fr/land/ad/5036935031?se=Ij5T9C4e8BGla2k9OSZXLA&utm_medium=api&utm_source=e1ad5111&v=F20DD42BC2D18C967D5F9A91916EA23E849CC387,Unknown,fr,genie_civil_btp
Vendeur Comptoir - Matériaux de Construction H/F,Larivière,"Trappes, Versailles","Rattaché(e) au Responsable d'Agence, vous participez à l'atteinte des objectifs commerciaux de l'agence, en support de l'équipe commerciale terrain. Vous êtes l'interlocuteur/trice du client en agence et vous mettez tout en oeuvre pour lui assurer le meilleur service. A ce titre, vous principales missions sont les suivantes : - Accueillir et renseigner les clients par téléphone ou en agence sur le plan technique, la disponibilité des produits et délais de livraison, les prix - Réaliser des vent…",23000,26000,,2025-03-21T06:06:45Z,https://www.adzuna.fr/land/ad/5103975545?se=Ij5T9C4e8BGla2k9OSZXLA&utm_medium=api&utm_source=e1ad5111&v=FBCF37D21787685107F63507011D3DD7C6627AB0,Unknown,fr,genie_civil_btp
Conseiller de Vente Materiaux de Construction H/F,Groupement Mousquetaires,"Belleville, Villefranche-sur-Saône",Acteur(trice) de la réussite du projet d'habitat de nos clients Vous mettez à profit votre expertise auprès de nos clients afin de les conseiller et favorisez la coopération avec l'équipe pour apporter la meilleure réponse à leurs besoins et la réussite de leurs projets. Vous êtes rattaché à l'un des univers du point de vente et vous contribuez à fluidifier et rendre agréable le parcours d'achat de nos clients. Vous êtes garant(e) de l'approvisionnement et de la qualité de la tenue de votre esp…,,,,2025-02-04T19:45:39Z,https://www.adzuna.fr/land/ad/5037187494?se=Ij5T9C4e8BGla2k9OSZXLA&utm_medium=api&utm_source=e1ad5111&v=C737CB89049C3F421FB349D7BAA6AB4703E8BEEF,Emplois Distribution et Entrepôts,fr,genie_civil_btp
Vendeur Comptoir - Matériaux de Construction H/F,Larivière,"Talence, Bordeaux","Rattaché(e) au Responsable d'Agence, vous participez à l'atteinte des objectifs commerciaux de l'agence, en support de l'équipe commerciale terrain. Vous êtes l'interlocuteur/trice du client en agence et vous mettez tout en oeuvre pour lui assurer le meilleur service. A ce titre, vous principales missions sont les suivantes : - Accueillir et renseigner les clients par téléphone ou en agence sur le plan technique, la disponibilité des produits et délais de livraison, les prix - Réaliser des vent…",,,,2025-04-18T04:43:37Z,https://www.adzuna.fr/land/ad/5150940745?se=Ij5T9C4e8BGla2k9OSZXLA&utm_medium=api&utm_source=e1ad5111&v=4BCD28B45254F1EE720CA0499FF24AC027FBAC74,Unknown,fr,genie_civil_btp
Vendeur Comptoir - Matériaux de Construction H/F,Larivière,"Longjumeau, Palaiseau","Rattaché(e) au Responsable d'Agence, vous participez à l'atteinte des objectifs commerciaux de l'agence, en support de l'équipe commerciale terrain. Vous êtes l'interlocuteur/trice du client en agence et vous mettez tout en oeuvre pour lui assurer le meilleur service. A ce titre, vous principales missions sont les suivantes : - Accueillir et renseigner les clients par téléphone ou en agence sur le plan technique, la disponibilité des produits et délais de livraison, les prix - Réaliser des vent…",23000,26000,,2025-02-04T19:45:56Z,https://www.adzuna.fr/land/ad/5037194316?se=Ij5T9C4e8BGla2k9OSZXLA&utm_medium=api&utm_source=e1ad5111&v=07C103C8E9E9DA9D537903B7E92DAD6FDCC15788,Unknown,fr,genie_civil_btp
Economiste de la Construction - Chiffreur H/F,Home Life,"La-Madeleine, Lille","Vos missions En tant qu'Économiste de la Construction - Métreur H/F, vous intégrerez Home Life, la solution digitale du réseau Resilians, leader dans l'intervention après sinistres. Vos principales missions seront de : - Élaborer des devis à partir des données transmises par le Chargé d'Affaires (photos, prescriptions matériaux, plans), en respectant les règles des assureurs. - Modifier et ajuster les devis en fonction des retours des experts, des clients et des retours chantiers. - Consulter l…",,,,2025-04-19T05:26:46Z,https://www.adzuna.fr/land/ad/5152631387?se=Ij5T9C4e8BGla2k9OSZXLA&utm_medium=api&utm_source=e1ad5111&v=2C1A36C392353BDFA17286C1A040CFFE7417B4E4,Emplois Autres/Général,fr,genie_civil_btp
