title,company,location,description,salary_min,salary_max,contract_type,created,redirect_url,category,specialty
Field Service Engineer,Finning International,"Glasgow, Scotland","Company: Finning (UK) Ltd Number of Openings: 1 Worker Type: Permanent Position Overview: As a Field Service Engineer you will respond to customer’s field repair and service requests diagnosing and providing comprehensive detail about the nature the problem to the customer and Finning to create a quote as per the request of the customer within a cost and time effective manner. Working within Finning’s industry leading field service department, and for the largest CAT dealer in the UK and Irelan…",32791.31,32791.31,permanent,2025-03-04T16:36:43Z,https://www.adzuna.co.uk/jobs/land/ad/5074973244?se=wE1U0DAe8BG-i3PTGXcHCQ&utm_medium=api&utm_source=e1ad5111&v=9DEF090A4A65A6CC7ADFEB267B7C0EDD02068E85,Engineering Jobs,engineer
Field Service Engineer,Finning International,"Inverness, Highland","Company: Finning (UK) Ltd Number of Openings: 1 Worker Type: Permanent Position Overview: As a Field Service Engineer you will respond to customer’s field repair and service requests diagnosing and providing comprehensive detail about the nature the problem to the customer and Finning to create a quote as per the request of the customer within a cost and time effective manner. Working within Finning’s industry leading field service department, and for the largest CAT dealer in the UK and Irelan…",32685.5,32685.5,permanent,2025-04-09T20:10:45Z,https://www.adzuna.co.uk/jobs/land/ad/5137524525?se=wE1U0DAe8BG-i3PTGXcHCQ&utm_medium=api&utm_source=e1ad5111&v=525F84AA4E27B0DE9B06DBF96871FA565C5DC0D7,Engineering Jobs,engineer
Field Engineer - Diagnostics Experience,Finning International,"Glasgow, Scotland","Company: Finning (UK) Ltd Number of Openings: 1 Worker Type: Permanent Position Overview: As a Field Service Engineer you will respond to customer’s field repair and service requests diagnosing and providing comprehensive detail about the nature the problem to the customer and Finning to create a quote as per the request of the customer within a cost and time effective manner. Working within Finning’s industry leading field service department, and for the largest CAT dealer in the UK and Irelan…",33888.27,33888.27,permanent,2025-03-04T16:36:43Z,https://www.adzuna.co.uk/jobs/land/ad/5074973245?se=wE1U0DAe8BG-i3PTGXcHCQ&utm_medium=api&utm_source=e1ad5111&v=3587C89217C6934FB250FB4670DCC0B08422A513,Engineering Jobs,engineer
Field Engineer - Diagnostics Experience,Finning International,"Inverness, Highland","Company: Finning (UK) Ltd Number of Openings: 1 Worker Type: Permanent Position Overview: As a Field Service Engineer you will respond to customer’s field repair and service requests diagnosing and providing comprehensive detail about the nature the problem to the customer and Finning to create a quote as per the request of the customer within a cost and time effective manner. Working within Finning’s industry leading field service department, and for the largest CAT dealer in the UK and Irelan…",33778.95,33778.95,permanent,2025-04-09T20:10:46Z,https://www.adzuna.co.uk/jobs/land/ad/5137524538?se=wE1U0DAe8BG-i3PTGXcHCQ&utm_medium=api&utm_source=e1ad5111&v=ABB72793C78300AB94A7AE4487FC0612D87908A8,Engineering Jobs,engineer
Systems Engineer,BAE Systems,"Penwortham, Preston","Job title: Systems Engineers Location: Warton (Lancashire) – We offer a range of hybrid and flexible working arrangements. Please speak to your recruiter about the options for this particular role. Salary: £47,683 to £52,426 (Commensurate with skills and experience) What you’ll be doing: As a Systems Engineer you will take a leading role interfacing with our customers, understanding their requirements and keeping them involved during product development. The ability to influence a diverse and h…",47339.24,47339.24,,2025-02-12T17:55:19Z,https://www.adzuna.co.uk/jobs/land/ad/5047449653?se=wE1U0DAe8BG-i3PTGXcHCQ&utm_medium=api&utm_source=e1ad5111&v=F74AA8DAFD5E5AC323181C78AADE487EF5F61FC4,Engineering Jobs,engineer
Systems Engineer,BAE Systems,"Warton, Carnforth","Job title: Systems Engineers Location: Warton (Lancashire) – We offer a range of hybrid and flexible working arrangements. Please speak to your recruiter about the options for this particular role. Salary: £47,683 to £52,426 (Commensurate with skills and experience) What you’ll be doing: As a Systems Engineer you will take a leading role interfacing with our customers, understanding their requirements and keeping them involved during product development. The ability to influence a diverse and h…",45149.36,45149.36,,2025-02-12T17:55:18Z,https://www.adzuna.co.uk/jobs/land/ad/5047449633?se=wE1U0DAe8BG-i3PTGXcHCQ&utm_medium=api&utm_source=e1ad5111&v=7319B37664867AA41678DA20E44850A4E2C545F2,Engineering Jobs,engineer
Systems Engineer,BAE Systems,"Padiham, Burnley","Job title: Systems Engineers Location: Warton (Lancashire) – We offer a range of hybrid and flexible working arrangements. Please speak to your recruiter about the options for this particular role. Salary: £47,683 to £52,426 (Commensurate with skills and experience) What you’ll be doing: As a Systems Engineer you will take a leading role interfacing with our customers, understanding their requirements and keeping them involved during product development. The ability to influence a diverse and h…",45077,45077,,2025-02-12T17:55:18Z,https://www.adzuna.co.uk/jobs/land/ad/5047449643?se=wE1U0DAe8BG-i3PTGXcHCQ&utm_medium=api&utm_source=e1ad5111&v=13A6A7D174CDCCB58260A38859791DCEFD657349,Engineering Jobs,engineer
Systems Engineer,BAE Systems,"Blackpool Airport, Blackpool","Job title: Systems Engineers Location: Warton (Lancashire) – We offer a range of hybrid and flexible working arrangements. Please speak to your recruiter about the options for this particular role. Salary: £47,683 to £52,426 (Commensurate with skills and experience) What you’ll be doing: As a Systems Engineer you will take a leading role interfacing with our customers, understanding their requirements and keeping them involved during product development. The ability to influence a diverse and h…",46885.72,46885.72,,2025-02-12T17:55:18Z,https://www.adzuna.co.uk/jobs/land/ad/5047449649?se=wE1U0DAe8BG-i3PTGXcHCQ&utm_medium=api&utm_source=e1ad5111&v=0627E0C4F89A97DFC4D79D44CC02EB9FFD6CFD29,Engineering Jobs,engineer
Systems Engineer,BAE Systems,"Ansdell, Lytham St. Annes","Job title: Systems Engineers Location: Warton (Lancashire) – We offer a range of hybrid and flexible working arrangements. Please speak to your recruiter about the options for this particular role. Salary: £47,683 to £52,426 (Commensurate with skills and experience) What you’ll be doing: As a Systems Engineer you will take a leading role interfacing with our customers, understanding their requirements and keeping them involved during product development. The ability to influence a diverse and h…",43729.73,43729.73,,2025-02-12T17:55:18Z,https://www.adzuna.co.uk/jobs/land/ad/5047449626?se=wE1U0DAe8BG-i3PTGXcHCQ&utm_medium=api&utm_source=e1ad5111&v=C77970BD5BF787799A06385B5033C0BDDD993A1F,Engineering Jobs,engineer
Electrical Engineer,Public Sector Resourcing,UK,"At Public Sector Resourcing we are looking to build our talent pools for up and coming opportunities. We are looking for Electrical Engineers for all contract durations based UK Wide . Please note that the position mentioned is not currently open for immediate hiring. We are currently assembling talent pools for prospective future vacancies. Should you wish to be included in this talent pool, we advise that you click the link to apply. Upon receipt of your application, we will update your infor…",47908.95,47908.95,contract,2025-04-09T16:36:02Z,https://www.adzuna.co.uk/jobs/land/ad/5137238608?se=wE1U0DAe8BG-i3PTGXcHCQ&utm_medium=api&utm_source=e1ad5111&v=54E090E58624E28ACF88A930C0EE19A5B0EA3893,Engineering Jobs,engineer
Azure DevOps Engineer,IBM - Avature,"Rownhams, Southampton","A career in IBM Consulting is rooted by long-term relationships and close collaboration with clients across the globe.You'll work with visionaries across multiple industries to improve the hybrid cloud and AI journey for the most innovative and valuable companies in the world. Your ability to accelerate impact and make meaningful change for your clients is enabled by our strategic partner ecosystem and our robust technology platforms across the IBM portfolio, including Software and Red Hat. Cur…",51420.47,51420.47,contract,2025-04-15T07:12:21Z,https://www.adzuna.co.uk/jobs/land/ad/5145243357?se=wE1U0DAe8BG-i3PTGXcHCQ&utm_medium=api&utm_source=e1ad5111&v=C51EB438D47E61F45B027D1BF27316F8B90545F0,IT Jobs,engineer
Mission Systems Engineer,BAE Systems,"West Camel, Yeovil","Job Title: Mission Systems Engineer Location: Warton / Brough We offer a range of hybrid and flexible working arrangements – please speak to your recruiter about the options for this particular role . Salary: £47,683 (Commensurate with skills and experience) What you’ll be doing: You will be part of the Mission Systems Delivery Team (MSDT) delivering the Assessment Phase of the Future Combat Air System (FCAS) programme. The team uses an agile work planning process to develop mission system conc…",40375.94,40375.94,,2025-04-11T20:16:19Z,https://www.adzuna.co.uk/jobs/land/ad/5140961503?se=wE1U0DAe8BG-i3PTGXcHCQ&utm_medium=api&utm_source=e1ad5111&v=CB9CB2CB70D65EB2C3E37DA7345EE5C1B24653C3,Engineering Jobs,engineer
Mission Systems Engineer,BAE Systems,"Mytchett, Camberley","Job Title: Mission Systems Engineer Location: Warton / Brough We offer a range of hybrid and flexible working arrangements – please speak to your recruiter about the options for this particular role . Salary: £47,683 (Commensurate with skills and experience) What you’ll be doing: You will be part of the Mission Systems Delivery Team (MSDT) delivering the Assessment Phase of the Future Combat Air System (FCAS) programme. The team uses an agile work planning process to develop mission system conc…",45843.88,45843.88,,2025-04-11T20:16:09Z,https://www.adzuna.co.uk/jobs/land/ad/5140961412?se=wE1U0DAe8BG-i3PTGXcHCQ&utm_medium=api&utm_source=e1ad5111&v=D6A358AB141B163FF71BEEB637BD85D2DBF290C3,Engineering Jobs,engineer
Mission Systems Engineer,BAE Systems,"Hucking, Maidstone","Job Title: Mission Systems Engineer Location: Warton / Brough We offer a range of hybrid and flexible working arrangements – please speak to your recruiter about the options for this particular role . Salary: £47,683 (Commensurate with skills and experience) What you’ll be doing: You will be part of the Mission Systems Delivery Team (MSDT) delivering the Assessment Phase of the Future Combat Air System (FCAS) programme. The team uses an agile work planning process to develop mission system conc…",43393.85,43393.85,,2025-04-11T20:16:09Z,https://www.adzuna.co.uk/jobs/land/ad/5140961408?se=wE1U0DAe8BG-i3PTGXcHCQ&utm_medium=api&utm_source=e1ad5111&v=9ACA21ECE65175FB41DB2C2195EA48FC97D17657,Engineering Jobs,engineer
Mission Systems Engineer,BAE Systems,UK,"Job Title: Mission Systems Engineer Location: Warton / Brough We offer a range of hybrid and flexible working arrangements – please speak to your recruiter about the options for this particular role . Salary: £47,683 (Commensurate with skills and experience) What you’ll be doing: You will be part of the Mission Systems Delivery Team (MSDT) delivering the Assessment Phase of the Future Combat Air System (FCAS) programme. The team uses an agile work planning process to develop mission system conc…",41267.69,41267.69,,2025-04-11T20:16:21Z,https://www.adzuna.co.uk/jobs/land/ad/5140961512?se=wE1U0DAe8BG-i3PTGXcHCQ&utm_medium=api&utm_source=e1ad5111&v=2017D6965D7BFC0C8D9125EEFBC20DC1162F3813,Engineering Jobs,engineer
Mission Systems Engineer,BAE Systems,"Burton, Christchurch","Job Title: Mission Systems Engineer Location: Warton / Brough We offer a range of hybrid and flexible working arrangements – please speak to your recruiter about the options for this particular role . Salary: £47,683 (Commensurate with skills and experience) What you’ll be doing: You will be part of the Mission Systems Delivery Team (MSDT) delivering the Assessment Phase of the Future Combat Air System (FCAS) programme. The team uses an agile work planning process to develop mission system conc…",43638.24,43638.24,,2025-04-11T20:16:19Z,https://www.adzuna.co.uk/jobs/land/ad/5140961499?se=wE1U0DAe8BG-i3PTGXcHCQ&utm_medium=api&utm_source=e1ad5111&v=DBC4C690F8A96957BE97721403E4190EC446B16C,Engineering Jobs,engineer
Mission Systems Engineer,BAE Systems,"Whippingham, East Cowes","Job Title: Mission Systems Engineer Location: Warton / Brough We offer a range of hybrid and flexible working arrangements – please speak to your recruiter about the options for this particular role . Salary: £47,683 (Commensurate with skills and experience) What you’ll be doing: You will be part of the Mission Systems Delivery Team (MSDT) delivering the Assessment Phase of the Future Combat Air System (FCAS) programme. The team uses an agile work planning process to develop mission system conc…",42213.67,42213.67,,2025-04-11T20:16:21Z,https://www.adzuna.co.uk/jobs/land/ad/5140961520?se=wE1U0DAe8BG-i3PTGXcHCQ&utm_medium=api&utm_source=e1ad5111&v=C732E19F20F3FCBF69238B5EC27A1B7578C9A93F,Engineering Jobs,engineer
Mission Systems Engineer,BAE Systems,"Lossiemouth, Moray","Job Title: Mission Systems Engineer Location: Warton / Brough We offer a range of hybrid and flexible working arrangements – please speak to your recruiter about the options for this particular role . Salary: £47,683 (Commensurate with skills and experience) What you’ll be doing: You will be part of the Mission Systems Delivery Team (MSDT) delivering the Assessment Phase of the Future Combat Air System (FCAS) programme. The team uses an agile work planning process to develop mission system conc…",45837.06,45837.06,,2025-04-11T20:16:21Z,https://www.adzuna.co.uk/jobs/land/ad/5140961522?se=wE1U0DAe8BG-i3PTGXcHCQ&utm_medium=api&utm_source=e1ad5111&v=2E86902B37A1A43DE944438631EEECAE1B9319C0,Engineering Jobs,engineer
Mission Systems Engineer,BAE Systems,"South Wootton, King's Lynn","Job Title: Mission Systems Engineer Location: Warton / Brough We offer a range of hybrid and flexible working arrangements – please speak to your recruiter about the options for this particular role . Salary: £47,683 (Commensurate with skills and experience) What you’ll be doing: You will be part of the Mission Systems Delivery Team (MSDT) delivering the Assessment Phase of the Future Combat Air System (FCAS) programme. The team uses an agile work planning process to develop mission system conc…",40771.12,40771.12,,2025-04-11T20:16:09Z,https://www.adzuna.co.uk/jobs/land/ad/5140961410?se=wE1U0DAe8BG-i3PTGXcHCQ&utm_medium=api&utm_source=e1ad5111&v=C2A0A7FCD6B409F39EF11F60AE9F57864B930E46,Engineering Jobs,engineer
Mission Systems Engineer,BAE Systems,"Bedale, North Yorkshire","Job Title: Mission Systems Engineer Location: Warton / Brough We offer a range of hybrid and flexible working arrangements – please speak to your recruiter about the options for this particular role . Salary: £47,683 (Commensurate with skills and experience) What you’ll be doing: You will be part of the Mission Systems Delivery Team (MSDT) delivering the Assessment Phase of the Future Combat Air System (FCAS) programme. The team uses an agile work planning process to develop mission system conc…",41949.24,41949.24,,2025-04-11T20:16:09Z,https://www.adzuna.co.uk/jobs/land/ad/5140961420?se=wE1U0DAe8BG-i3PTGXcHCQ&utm_medium=api&utm_source=e1ad5111&v=6C86528423A58C6F1EF19FD915FC6CBE7C7D3193,Engineering Jobs,engineer
Mission Systems Engineer,BAE Systems,"Ellerker, Brough","Job Title: Mission Systems Engineer Location: Warton / Brough We offer a range of hybrid and flexible working arrangements – please speak to your recruiter about the options for this particular role . Salary: £47,683 (Commensurate with skills and experience) What you’ll be doing: You will be part of the Mission Systems Delivery Team (MSDT) delivering the Assessment Phase of the Future Combat Air System (FCAS) programme. The team uses an agile work planning process to develop mission system conc…",40360.82,40360.82,,2025-04-11T20:16:19Z,https://www.adzuna.co.uk/jobs/land/ad/5140961504?se=wE1U0DAe8BG-i3PTGXcHCQ&utm_medium=api&utm_source=e1ad5111&v=1349B50A27BD74233AE0B0528F1D135716CF8F56,Engineering Jobs,engineer
Mission Systems Engineer,BAE Systems,"Rhosneigr, Isle Of Anglesey","Job Title: Mission Systems Engineer Location: Warton / Brough We offer a range of hybrid and flexible working arrangements – please speak to your recruiter about the options for this particular role . Salary: £47,683 (Commensurate with skills and experience) What you’ll be doing: You will be part of the Mission Systems Delivery Team (MSDT) delivering the Assessment Phase of the Future Combat Air System (FCAS) programme. The team uses an agile work planning process to develop mission system conc…",41261.12,41261.12,,2025-04-11T20:16:21Z,https://www.adzuna.co.uk/jobs/land/ad/5140961517?se=wE1U0DAe8BG-i3PTGXcHCQ&utm_medium=api&utm_source=e1ad5111&v=26F502DC9BC108E1E7BF765958E39CA68C0D0843,Engineering Jobs,engineer
Mission Systems Engineer,BAE Systems,"Stenigot, Louth","Job Title: Mission Systems Engineer Location: Warton / Brough We offer a range of hybrid and flexible working arrangements – please speak to your recruiter about the options for this particular role . Salary: £47,683 (Commensurate with skills and experience) What you’ll be doing: You will be part of the Mission Systems Delivery Team (MSDT) delivering the Assessment Phase of the Future Combat Air System (FCAS) programme. The team uses an agile work planning process to develop mission system conc…",42520.01,42520.01,,2025-04-11T20:16:09Z,https://www.adzuna.co.uk/jobs/land/ad/5140961407?se=wE1U0DAe8BG-i3PTGXcHCQ&utm_medium=api&utm_source=e1ad5111&v=E7045627FD4CF05EC12A96D5CFDB6489245AD681,Engineering Jobs,engineer
Mission Systems Engineer,BAE Systems,"Inverkeithing, Fife","Job Title: Mission Systems Engineer Location: Warton / Brough We offer a range of hybrid and flexible working arrangements – please speak to your recruiter about the options for this particular role . Salary: £47,683 (Commensurate with skills and experience) What you’ll be doing: You will be part of the Mission Systems Delivery Team (MSDT) delivering the Assessment Phase of the Future Combat Air System (FCAS) programme. The team uses an agile work planning process to develop mission system conc…",41840.88,41840.88,,2025-04-11T20:16:09Z,https://www.adzuna.co.uk/jobs/land/ad/5140961401?se=wE1U0DAe8BG-i3PTGXcHCQ&utm_medium=api&utm_source=e1ad5111&v=E66BA03A53CF3AAAA1C95CFDAE486A0108919D02,Engineering Jobs,engineer
Mission Systems Engineer,BAE Systems,"Gurnard, Cowes","Job Title: Mission Systems Engineer Location: Warton / Brough We offer a range of hybrid and flexible working arrangements – please speak to your recruiter about the options for this particular role . Salary: £47,683 (Commensurate with skills and experience) What you’ll be doing: You will be part of the Mission Systems Delivery Team (MSDT) delivering the Assessment Phase of the Future Combat Air System (FCAS) programme. The team uses an agile work planning process to develop mission system conc…",41815.67,41815.67,,2025-04-11T20:16:21Z,https://www.adzuna.co.uk/jobs/land/ad/5140961516?se=wE1U0DAe8BG-i3PTGXcHCQ&utm_medium=api&utm_source=e1ad5111&v=194A6DCC219272FD9F651CD41DF0CC0D23D3ABBD,Engineering Jobs,engineer
Mission Systems Engineer,BAE Systems,"Easton, Bristol","Job Title: Mission Systems Engineer Location: Warton / Brough We offer a range of hybrid and flexible working arrangements – please speak to your recruiter about the options for this particular role . Salary: £47,683 (Commensurate with skills and experience) What you’ll be doing: You will be part of the Mission Systems Delivery Team (MSDT) delivering the Assessment Phase of the Future Combat Air System (FCAS) programme. The team uses an agile work planning process to develop mission system conc…",42764.66,42764.66,,2025-04-11T20:16:19Z,https://www.adzuna.co.uk/jobs/land/ad/5140961498?se=wE1U0DAe8BG-i3PTGXcHCQ&utm_medium=api&utm_source=e1ad5111&v=48DC303928CF3134A21E2AD852FFC788A447B5F4,Engineering Jobs,engineer
Mission Systems Engineer,BAE Systems,"Stow Bardolph, King's Lynn","Job Title: Mission Systems Engineer Location: Warton / Brough We offer a range of hybrid and flexible working arrangements – please speak to your recruiter about the options for this particular role . Salary: £47,683 (Commensurate with skills and experience) What you’ll be doing: You will be part of the Mission Systems Delivery Team (MSDT) delivering the Assessment Phase of the Future Combat Air System (FCAS) programme. The team uses an agile work planning process to develop mission system conc…",42431.79,42431.79,,2025-04-11T20:16:21Z,https://www.adzuna.co.uk/jobs/land/ad/5140961514?se=wE1U0DAe8BG-i3PTGXcHCQ&utm_medium=api&utm_source=e1ad5111&v=2F03551DE8EE9763CE8BC96667C0392E35924A76,Engineering Jobs,engineer
Mission Systems Engineer,BAE Systems,"Hilsea, Portsmouth","Job Title: Mission Systems Engineer Location: Warton / Brough We offer a range of hybrid and flexible working arrangements – please speak to your recruiter about the options for this particular role . Salary: £47,683 (Commensurate with skills and experience) What you’ll be doing: You will be part of the Mission Systems Delivery Team (MSDT) delivering the Assessment Phase of the Future Combat Air System (FCAS) programme. The team uses an agile work planning process to develop mission system conc…",45255.19,45255.19,,2025-04-11T20:16:19Z,https://www.adzuna.co.uk/jobs/land/ad/5140961501?se=wE1U0DAe8BG-i3PTGXcHCQ&utm_medium=api&utm_source=e1ad5111&v=C394431C1DE2284E2603EE1581463BAF2DD2A8D9,Engineering Jobs,engineer
Mission Systems Engineer,BAE Systems,"Bogend, Symington","Job Title: Mission Systems Engineer Location: Warton / Brough We offer a range of hybrid and flexible working arrangements – please speak to your recruiter about the options for this particular role . Salary: £47,683 (Commensurate with skills and experience) What you’ll be doing: You will be part of the Mission Systems Delivery Team (MSDT) delivering the Assessment Phase of the Future Combat Air System (FCAS) programme. The team uses an agile work planning process to develop mission system conc…",36301.93,36301.93,,2025-04-11T20:16:21Z,https://www.adzuna.co.uk/jobs/land/ad/5140961513?se=wE1U0DAe8BG-i3PTGXcHCQ&utm_medium=api&utm_source=e1ad5111&v=EF8D29B274766F9E043825BC95DB1CA3AEFB2D45,Engineering Jobs,engineer
Mission Systems Engineer,BAE Systems,"Glasgow Prestwick Intnl Airport, Prestwick","Job Title: Mission Systems Engineer Location: Warton / Brough We offer a range of hybrid and flexible working arrangements – please speak to your recruiter about the options for this particular role . Salary: £47,683 (Commensurate with skills and experience) What you’ll be doing: You will be part of the Mission Systems Delivery Team (MSDT) delivering the Assessment Phase of the Future Combat Air System (FCAS) programme. The team uses an agile work planning process to develop mission system conc…",41201.59,41201.59,,2025-04-11T20:16:09Z,https://www.adzuna.co.uk/jobs/land/ad/5140961419?se=wE1U0DAe8BG-i3PTGXcHCQ&utm_medium=api&utm_source=e1ad5111&v=EB0FC9E20BE96000B0F6153142442E445D202D31,Engineering Jobs,engineer
Mission Systems Engineer,BAE Systems,"Holcot, Northampton","Job Title: Mission Systems Engineer Location: Warton / Brough We offer a range of hybrid and flexible working arrangements – please speak to your recruiter about the options for this particular role . Salary: £47,683 (Commensurate with skills and experience) What you’ll be doing: You will be part of the Mission Systems Delivery Team (MSDT) delivering the Assessment Phase of the Future Combat Air System (FCAS) programme. The team uses an agile work planning process to develop mission system conc…",42028.93,42028.93,,2025-04-11T20:16:21Z,https://www.adzuna.co.uk/jobs/land/ad/5140961515?se=wE1U0DAe8BG-i3PTGXcHCQ&utm_medium=api&utm_source=e1ad5111&v=D344B76DA6FD1EAD6B09493F48B6CD07C554314E,Engineering Jobs,engineer
Mission Systems Engineer,BAE Systems,"Penwortham, Preston","Job Title: Mission Systems Engineer Location: Warton / Brough We offer a range of hybrid and flexible working arrangements – please speak to your recruiter about the options for this particular role . Salary: £47,683 (Commensurate with skills and experience) What you’ll be doing: You will be part of the Mission Systems Delivery Team (MSDT) delivering the Assessment Phase of the Future Combat Air System (FCAS) programme. The team uses an agile work planning process to develop mission system conc…",42473.44,42473.44,,2025-04-11T20:16:21Z,https://www.adzuna.co.uk/jobs/land/ad/5140961519?se=wE1U0DAe8BG-i3PTGXcHCQ&utm_medium=api&utm_source=e1ad5111&v=7A387D45167A1DDDCA9893599D21D36594681C61,Engineering Jobs,engineer
Senior Systems Engineer,BAE Systems,"Filton, Bristol","Job title: Senior Systems Engineer Location: Filton – We offer a range of hybrid and flexible working arrangements – please speak to your recruiter about the options for this particular role Salary: £52,600 What you’ll be doing: Responsible for providing technical support during product development, with clear understanding of the product, risks, issues, assumptions & dependencies associated with the products Managing a team, Providing day-to-day Line Management Driving and coordinating collabo…",43699.21,43699.21,,2025-02-18T23:37:41Z,https://www.adzuna.co.uk/jobs/land/ad/5055452325?se=wE1U0DAe8BG-i3PTGXcHCQ&utm_medium=api&utm_source=e1ad5111&v=5982BD878EABA7DA09414A184F67C7B2A9DA274C,Engineering Jobs,engineer
Senior Systems Engineer,BAE Systems,"Bristol, South West England","Job title: Senior Systems Engineer Location: Filton – We offer a range of hybrid and flexible working arrangements – please speak to your recruiter about the options for this particular role Salary: £52,600 What you’ll be doing: Responsible for providing technical support during product development, with clear understanding of the product, risks, issues, assumptions & dependencies associated with the products Managing a team, Providing day-to-day Line Management Driving and coordinating collabo…",44910.94,44910.94,,2025-02-18T23:37:41Z,https://www.adzuna.co.uk/jobs/land/ad/5055452327?se=wE1U0DAe8BG-i3PTGXcHCQ&utm_medium=api&utm_source=e1ad5111&v=6EF23B99D1FCD0550A121E01390C598B9E1CBD47,Engineering Jobs,engineer
Senior Systems Engineer,BAE Systems,"Easton, Bristol","Job title: Senior Systems Engineer Location: Filton – We offer a range of hybrid and flexible working arrangements – please speak to your recruiter about the options for this particular role Salary: £52,600 What you’ll be doing: Responsible for providing technical support during product development, with clear understanding of the product, risks, issues, assumptions & dependencies associated with the products Managing a team, Providing day-to-day Line Management Driving and coordinating collabo…",44949.07,44949.07,,2025-02-18T23:37:41Z,https://www.adzuna.co.uk/jobs/land/ad/5055452326?se=wE1U0DAe8BG-i3PTGXcHCQ&utm_medium=api&utm_source=e1ad5111&v=8A981E7800CD642691FF3E622DB0D496D8A8FD1D,Engineering Jobs,engineer
Senior Structural Engineer,BAE Systems,"Canal Foot, Ulverston","Job Title: Senior Structural Engineer Location: Barrow-in-Furness – we offer a range of hybrid and flexible working arrangements – please speak to your recruiter about the options for this particular role Salary: Competitive What you’ll be doing: Analysis and Design of complex steel structures utilising Eurocodes, British Standards and BAE standards, to support submarine build You will utilise your knowledge of specific regulations & requirements beyond that used within BAE Systems i.e., LOLER,…",40786.88,40786.88,,2025-04-08T00:00:29Z,https://www.adzuna.co.uk/jobs/land/ad/5134344912?se=wE1U0DAe8BG-i3PTGXcHCQ&utm_medium=api&utm_source=e1ad5111&v=20CB0CA852724F83BFC7D7FD8E509CF16564CF5D,Engineering Jobs,engineer
Senior Structural Engineer,BAE Systems,"Far Arnside, Carnforth","Job Title: Senior Structural Engineer Location: Barrow-in-Furness – we offer a range of hybrid and flexible working arrangements – please speak to your recruiter about the options for this particular role Salary: Competitive What you’ll be doing: Analysis and Design of complex steel structures utilising Eurocodes, British Standards and BAE standards, to support submarine build You will utilise your knowledge of specific regulations & requirements beyond that used within BAE Systems i.e., LOLER,…",44771.36,44771.36,,2025-04-08T00:00:29Z,https://www.adzuna.co.uk/jobs/land/ad/5134344889?se=wE1U0DAe8BG-i3PTGXcHCQ&utm_medium=api&utm_source=e1ad5111&v=11E4DE1EE4D5EA5BD002C9831463CB003B26726A,Engineering Jobs,engineer
Senior Structural Engineer,BAE Systems,"The Hill, Millom","Job Title: Senior Structural Engineer Location: Barrow-in-Furness – we offer a range of hybrid and flexible working arrangements – please speak to your recruiter about the options for this particular role Salary: Competitive What you’ll be doing: Analysis and Design of complex steel structures utilising Eurocodes, British Standards and BAE standards, to support submarine build You will utilise your knowledge of specific regulations & requirements beyond that used within BAE Systems i.e., LOLER,…",42033.14,42033.14,,2025-04-08T00:00:29Z,https://www.adzuna.co.uk/jobs/land/ad/5134344895?se=wE1U0DAe8BG-i3PTGXcHCQ&utm_medium=api&utm_source=e1ad5111&v=DF0506B9E2638125C7BDF19B5EBF213D2E193E53,Engineering Jobs,engineer
Senior Structural Engineer,BAE Systems,"Askam-In-Furness, Cumbria","Job Title: Senior Structural Engineer Location: Barrow-in-Furness – we offer a range of hybrid and flexible working arrangements – please speak to your recruiter about the options for this particular role Salary: Competitive What you’ll be doing: Analysis and Design of complex steel structures utilising Eurocodes, British Standards and BAE standards, to support submarine build You will utilise your knowledge of specific regulations & requirements beyond that used within BAE Systems i.e., LOLER,…",42999.4,42999.4,,2025-04-08T00:00:29Z,https://www.adzuna.co.uk/jobs/land/ad/5134344897?se=wE1U0DAe8BG-i3PTGXcHCQ&utm_medium=api&utm_source=e1ad5111&v=EABDFAEB6CE6851E250B5CEF4254B9388037C1EA,Engineering Jobs,engineer
Senior Structural Engineer,BAE Systems,"Flookburgh, Grange-Over-Sands","Job Title: Senior Structural Engineer Location: Barrow-in-Furness – we offer a range of hybrid and flexible working arrangements – please speak to your recruiter about the options for this particular role Salary: Competitive What you’ll be doing: Analysis and Design of complex steel structures utilising Eurocodes, British Standards and BAE standards, to support submarine build You will utilise your knowledge of specific regulations & requirements beyond that used within BAE Systems i.e., LOLER,…",48277.71,48277.71,,2025-04-08T00:00:29Z,https://www.adzuna.co.uk/jobs/land/ad/5134344901?se=wE1U0DAe8BG-i3PTGXcHCQ&utm_medium=api&utm_source=e1ad5111&v=571232726050824DA76F2F7310FBA1A889E3C7F0,Engineering Jobs,engineer
Senior Structural Engineer,BAE Systems,"Heysham, Morecambe","Job Title: Senior Structural Engineer Location: Barrow-in-Furness – we offer a range of hybrid and flexible working arrangements – please speak to your recruiter about the options for this particular role Salary: Competitive What you’ll be doing: Analysis and Design of complex steel structures utilising Eurocodes, British Standards and BAE standards, to support submarine build You will utilise your knowledge of specific regulations & requirements beyond that used within BAE Systems i.e., LOLER,…",42882.93,42882.93,,2025-04-08T00:00:29Z,https://www.adzuna.co.uk/jobs/land/ad/5134344892?se=wE1U0DAe8BG-i3PTGXcHCQ&utm_medium=api&utm_source=e1ad5111&v=72ACC6FABD2C6CD9630D56C825DF7328287C4F6B,Engineering Jobs,engineer
Senior Structural Engineer,BAE Systems,"Chapels, Kirkby-In-Furness","Job Title: Senior Structural Engineer Location: Barrow-in-Furness – we offer a range of hybrid and flexible working arrangements – please speak to your recruiter about the options for this particular role Salary: Competitive What you’ll be doing: Analysis and Design of complex steel structures utilising Eurocodes, British Standards and BAE standards, to support submarine build You will utilise your knowledge of specific regulations & requirements beyond that used within BAE Systems i.e., LOLER,…",42804.48,42804.48,,2025-04-08T00:00:29Z,https://www.adzuna.co.uk/jobs/land/ad/5134344909?se=wE1U0DAe8BG-i3PTGXcHCQ&utm_medium=api&utm_source=e1ad5111&v=931220AE69F25DAABC7EDAE16E3A0B7556B4B812,Engineering Jobs,engineer
Senior Structural Engineer,BAE Systems,"Barrow-In-Furness, Cumbria","Job Title: Senior Structural Engineer Location: Barrow-in-Furness – we offer a range of hybrid and flexible working arrangements – please speak to your recruiter about the options for this particular role Salary: Competitive What you’ll be doing: Analysis and Design of complex steel structures utilising Eurocodes, British Standards and BAE standards, to support submarine build You will utilise your knowledge of specific regulations & requirements beyond that used within BAE Systems i.e., LOLER,…",43051.18,43051.18,,2025-04-08T00:00:29Z,https://www.adzuna.co.uk/jobs/land/ad/5134344913?se=wE1U0DAe8BG-i3PTGXcHCQ&utm_medium=api&utm_source=e1ad5111&v=2418AF62166305ABE6672B4191F2AE9B3C3FAA82,Engineering Jobs,engineer
Platform Engineering Lead,Mars IS UK,"Eton, Windsor","Job Level: Technical Leadership-T2 Job Description: Job Description: The Platform Engineering team manages the platform layer in our global cloud environments that serve data and analytics and application development teams across Mars. The Platform Engineering Lead role will be responsible for leading a development team in the conception, implementation, and roll out of new solutions to meet the multi-dimensional needs of our customers, enabling our businesses to pursue aggressive digital strat…",68260.48,68260.48,,2025-04-20T13:29:32Z,https://www.adzuna.co.uk/jobs/land/ad/5154401815?se=wE1U0DAe8BG-i3PTGXcHCQ&utm_medium=api&utm_source=e1ad5111&v=8CBED2FDC05507FBDD23D328301EDCA5839015F9,IT Jobs,engineer
Platform Engineering Lead,Mars IS UK,"Chalvey, Slough","Job Level: Technical Leadership-T2 Job Description: Job Description: The Platform Engineering team manages the platform layer in our global cloud environments that serve data and analytics and application development teams across Mars. The Platform Engineering Lead role will be responsible for leading a development team in the conception, implementation, and roll out of new solutions to meet the multi-dimensional needs of our customers, enabling our businesses to pursue aggressive digital strat…",72438.88,72438.88,,2025-04-20T13:29:32Z,https://www.adzuna.co.uk/jobs/land/ad/5154401813?se=wE1U0DAe8BG-i3PTGXcHCQ&utm_medium=api&utm_source=e1ad5111&v=C2F9F7500DD1191BA1AEA9EA211C493CC98AB7F7,IT Jobs,engineer
Database Engineer,Barclays Bank PLC,"Toft, Knutsford","Join us as a Database Engineer at Barclays where you'll effectively monitor and maintain the bank’s critical technology infrastructure and resolve more complex technical issues, whilst minimizing disruption to operations. In this role you will apply software engineering techniques, automation, and best practices in incident response, to ensure the reliability, availability, and scalability of the systems, platforms, and technology through them. To be successful as a Database Engineer, you shoul…",36378.17,36378.17,permanent,2025-04-14T03:51:46Z,https://www.adzuna.co.uk/jobs/land/ad/5143763246?se=wE1U0DAe8BG-i3PTGXcHCQ&utm_medium=api&utm_source=e1ad5111&v=F589FED102F0307B84CC8E264C18ED4578627233,IT Jobs,engineer
Network Engineer,Barclays Bank PLC,"Toft, Knutsford","Join us as a Network Engineer in the Complex Delivery team at Barclays, where you will undertake a role as an SME in one or more technologies and lead on transformational programs and networks led initiatives. You'll be responsible for creating designs which are in line with current architecture guidelines and documentation is fit for purpose, as well as ensure compliance to all network disciplines including participation in governance, change management and risk/audit requirements. To be succe…",30132.52,30132.52,permanent,2025-04-18T05:59:56Z,https://www.adzuna.co.uk/jobs/land/ad/5151059013?se=wE1U0DAe8BG-i3PTGXcHCQ&utm_medium=api&utm_source=e1ad5111&v=832020E88DB28D0AB46BD93F89DEE8FAFCC438F1,IT Jobs,engineer
Model Based Systems Engineer,BAE Systems,"Logan, Cumnock","Job title: Model Based Systems Engineer Location: Prestwick. We offer a range of hybrid and flexible working arrangements. Please speak to your recruiter about the options for this particular role. Salary: £53,569 – £62,497 What you’ll be doing: Working on high technology products such as Tempest you will be advancing the capability of air platforms by: Developing model representations of systems and platforms. This includes requirement, functional, plant and control models that represent those…",47891.87,47891.87,,2025-02-12T17:55:18Z,https://www.adzuna.co.uk/jobs/land/ad/5047449637?se=wE1U0DAe8BG-i3PTGXcHCQ&utm_medium=api&utm_source=e1ad5111&v=81C70F42A3CEBD33CE3A850876BA6DFE662C491C,Engineering Jobs,engineer
Model Based Systems Engineer,BAE Systems,"Springside, Irvine","Job title: Model Based Systems Engineer Location: Prestwick. We offer a range of hybrid and flexible working arrangements. Please speak to your recruiter about the options for this particular role. Salary: £53,569 – £62,497 What you’ll be doing: Working on high technology products such as Tempest you will be advancing the capability of air platforms by: Developing model representations of systems and platforms. This includes requirement, functional, plant and control models that represent those…",43067.49,43067.49,,2025-02-12T17:55:18Z,https://www.adzuna.co.uk/jobs/land/ad/5047449635?se=wE1U0DAe8BG-i3PTGXcHCQ&utm_medium=api&utm_source=e1ad5111&v=23A34D2ABEC1CFC989AA7EBA62E701FD7D34E34E,Engineering Jobs,engineer
Model Based Systems Engineer,BAE Systems,"Bogend, Symington","Job title: Model Based Systems Engineer Location: Prestwick. We offer a range of hybrid and flexible working arrangements. Please speak to your recruiter about the options for this particular role. Salary: £53,569 – £62,497 What you’ll be doing: Working on high technology products such as Tempest you will be advancing the capability of air platforms by: Developing model representations of systems and platforms. This includes requirement, functional, plant and control models that represent those…",43452.19,43452.19,,2025-02-12T17:55:18Z,https://www.adzuna.co.uk/jobs/land/ad/5047449586?se=wE1U0DAe8BG-i3PTGXcHCQ&utm_medium=api&utm_source=e1ad5111&v=F3A8DFD0DDFB14D68261D1F378B5C6FE3E3B691C,Engineering Jobs,engineer
Model Based Systems Engineer,BAE Systems,UK,"Job title: Model Based Systems Engineer Location: Prestwick. We offer a range of hybrid and flexible working arrangements. Please speak to your recruiter about the options for this particular role. Salary: £53,569 – £62,497 What you’ll be doing: Working on high technology products such as Tempest you will be advancing the capability of air platforms by: Developing model representations of systems and platforms. This includes requirement, functional, plant and control models that represent those…",44006.13,44006.13,,2025-02-12T17:55:18Z,https://www.adzuna.co.uk/jobs/land/ad/5047449650?se=5uP_0TAe8BGla2k9OSZXLA&utm_medium=api&utm_source=e1ad5111&v=29004731B26EB39686972781278CC3F5BB90F5CD,Engineering Jobs,engineer
Model Based Systems Engineer,BAE Systems,"Coylton, Ayr","Job title: Model Based Systems Engineer Location: Prestwick. We offer a range of hybrid and flexible working arrangements. Please speak to your recruiter about the options for this particular role. Salary: £53,569 – £62,497 What you’ll be doing: Working on high technology products such as Tempest you will be advancing the capability of air platforms by: Developing model representations of systems and platforms. This includes requirement, functional, plant and control models that represent those…",48681.79,48681.79,,2025-02-12T17:55:18Z,https://www.adzuna.co.uk/jobs/land/ad/5047449614?se=5uP_0TAe8BGla2k9OSZXLA&utm_medium=api&utm_source=e1ad5111&v=41A82B4F754C74D546F25A10DC90E4446F5ECE91,Engineering Jobs,engineer
Model Based Systems Engineer,BAE Systems,"Prestwick, South Ayrshire","Job title: Model Based Systems Engineer Location: Prestwick. We offer a range of hybrid and flexible working arrangements. Please speak to your recruiter about the options for this particular role. Salary: £53,569 – £62,497 What you’ll be doing: Working on high technology products such as Tempest you will be advancing the capability of air platforms by: Developing model representations of systems and platforms. This includes requirement, functional, plant and control models that represent those…",48956.66,48956.66,,2025-02-12T17:55:19Z,https://www.adzuna.co.uk/jobs/land/ad/5047449658?se=5uP_0TAe8BGla2k9OSZXLA&utm_medium=api&utm_source=e1ad5111&v=A54E348B3AC275BF8C635B9174992EDDA90AE7F9,Engineering Jobs,engineer
Model Based Systems Engineer,BAE Systems,"Stanecastle, Irvine","Job title: Model Based Systems Engineer Location: Prestwick. We offer a range of hybrid and flexible working arrangements. Please speak to your recruiter about the options for this particular role. Salary: £53,569 – £62,497 What you’ll be doing: Working on high technology products such as Tempest you will be advancing the capability of air platforms by: Developing model representations of systems and platforms. This includes requirement, functional, plant and control models that represent those…",50652.63,50652.63,,2025-02-12T17:55:19Z,https://www.adzuna.co.uk/jobs/land/ad/5047449692?se=5uP_0TAe8BGla2k9OSZXLA&utm_medium=api&utm_source=e1ad5111&v=A95DAF3A15F902CD6C9DEFFAEC285C58F104C4B9,Engineering Jobs,engineer
Model Based Systems Engineer,BAE Systems,"Whiteinch, Glasgow","Job title: Model Based Systems Engineer Location: Prestwick. We offer a range of hybrid and flexible working arrangements. Please speak to your recruiter about the options for this particular role. Salary: £53,569 – £62,497 What you’ll be doing: Working on high technology products such as Tempest you will be advancing the capability of air platforms by: Developing model representations of systems and platforms. This includes requirement, functional, plant and control models that represent those…",54424.75,54424.75,,2025-02-12T17:55:19Z,https://www.adzuna.co.uk/jobs/land/ad/5047449680?se=5uP_0TAe8BGla2k9OSZXLA&utm_medium=api&utm_source=e1ad5111&v=A2DF486362C8DE7C6EE9A55F2CF4E8F7D9787545,Engineering Jobs,engineer
Model Based Systems Engineer,BAE Systems,"Minishant, Maybole","Job title: Model Based Systems Engineer Location: Prestwick. We offer a range of hybrid and flexible working arrangements. Please speak to your recruiter about the options for this particular role. Salary: £53,569 – £62,497 What you’ll be doing: Working on high technology products such as Tempest you will be advancing the capability of air platforms by: Developing model representations of systems and platforms. This includes requirement, functional, plant and control models that represent those…",46169.56,46169.56,,2025-02-12T17:55:19Z,https://www.adzuna.co.uk/jobs/land/ad/5047449678?se=5uP_0TAe8BGla2k9OSZXLA&utm_medium=api&utm_source=e1ad5111&v=97DBE14A7A5F0403846065E071B50B3CB66C283C,Engineering Jobs,engineer
Model Based Systems Engineer,BAE Systems,"Ansdell, Lytham St. Annes","Job title: Model Based Systems Engineer Location: Warton, Brough – We offer a range of hybrid and flexible working arrangements. Please speak to your recruiter about the options for this particular role. Salary: £47,683 (Depending on skills and experience) What you’ll be doing: Working on high technology products such as Tempest you will be advancing the capability of air platforms by: Developing model representations of systems and platforms. This includes requirement, functional, plant and co…",45809.22,45809.22,,2025-02-12T17:55:19Z,https://www.adzuna.co.uk/jobs/land/ad/5047449673?se=5uP_0TAe8BGla2k9OSZXLA&utm_medium=api&utm_source=e1ad5111&v=82F3F6FAE9F6BEDB48FED4BA749D1AB8ABD52849,Engineering Jobs,engineer
Model Based Systems Engineer,BAE Systems,"Padiham, Burnley","Job title: Model Based Systems Engineer Location: Warton, Brough – We offer a range of hybrid and flexible working arrangements. Please speak to your recruiter about the options for this particular role. Salary: £47,683 (Depending on skills and experience) What you’ll be doing: Working on high technology products such as Tempest you will be advancing the capability of air platforms by: Developing model representations of systems and platforms. This includes requirement, functional, plant and co…",47220.38,47220.38,,2025-02-12T17:55:18Z,https://www.adzuna.co.uk/jobs/land/ad/5047449651?se=5uP_0TAe8BGla2k9OSZXLA&utm_medium=api&utm_source=e1ad5111&v=67B295A09A61A9BDB997C3F4C6DFC96164AE49CF,Engineering Jobs,engineer
Model Based Systems Engineer,BAE Systems,"Blackpool Airport, Blackpool","Job title: Model Based Systems Engineer Location: Warton, Brough – We offer a range of hybrid and flexible working arrangements. Please speak to your recruiter about the options for this particular role. Salary: £47,683 (Depending on skills and experience) What you’ll be doing: Working on high technology products such as Tempest you will be advancing the capability of air platforms by: Developing model representations of systems and platforms. This includes requirement, functional, plant and co…",49115.01,49115.01,,2025-02-12T17:55:19Z,https://www.adzuna.co.uk/jobs/land/ad/5047449694?se=5uP_0TAe8BGla2k9OSZXLA&utm_medium=api&utm_source=e1ad5111&v=35F135B588781EB8BACFA3B62BE9DB51C5E651D6,Engineering Jobs,engineer
Model Based Systems Engineer,BAE Systems,"Warton, Carnforth","Job title: Model Based Systems Engineer Location: Warton, Brough – We offer a range of hybrid and flexible working arrangements. Please speak to your recruiter about the options for this particular role. Salary: £47,683 (Depending on skills and experience) What you’ll be doing: Working on high technology products such as Tempest you will be advancing the capability of air platforms by: Developing model representations of systems and platforms. This includes requirement, functional, plant and co…",47296.23,47296.23,,2025-02-12T17:55:19Z,https://www.adzuna.co.uk/jobs/land/ad/5047449683?se=5uP_0TAe8BGla2k9OSZXLA&utm_medium=api&utm_source=e1ad5111&v=E8602347399B072AC4A200064E58C0314809BE35,Engineering Jobs,engineer
Model Based Systems Engineer,BAE Systems,"Penwortham, Preston","Job title: Model Based Systems Engineer Location: Warton, Brough – We offer a range of hybrid and flexible working arrangements. Please speak to your recruiter about the options for this particular role. Salary: £47,683 (Depending on skills and experience) What you’ll be doing: Working on high technology products such as Tempest you will be advancing the capability of air platforms by: Developing model representations of systems and platforms. This includes requirement, functional, plant and co…",49590.38,49590.38,,2025-02-12T17:55:18Z,https://www.adzuna.co.uk/jobs/land/ad/5047449613?se=5uP_0TAe8BGla2k9OSZXLA&utm_medium=api&utm_source=e1ad5111&v=E98849DD95093FBC65BD3F8BAF3B88D64BBAA4B0,Engineering Jobs,engineer
Model Based Systems Engineer,BAE Systems,"Bristol, South West England","Job title: Model Based Systems Engineer Location: Filton. We offer a range of hybrid and flexible working arrangements. Please speak to your recruiter about the options for this particular role. Salary: £52,600 dependant on skills and experience What you’ll be doing: Working on high technology products such as Tempest you will be advancing the capability of air platforms by: Developing model representations of systems and platforms. This includes requirement, functional, plant and control model…",47958.69,47958.69,,2025-02-12T17:55:18Z,https://www.adzuna.co.uk/jobs/land/ad/5047449640?se=5uP_0TAe8BGla2k9OSZXLA&utm_medium=api&utm_source=e1ad5111&v=96E21953EDD7FD2535EB6A14920F4DFAB39B7A23,Engineering Jobs,engineer
Model Based Systems Engineer,BAE Systems,"Filton, Bristol","Job title: Model Based Systems Engineer Location: Filton. We offer a range of hybrid and flexible working arrangements. Please speak to your recruiter about the options for this particular role. Salary: £52,600 dependant on skills and experience What you’ll be doing: Working on high technology products such as Tempest you will be advancing the capability of air platforms by: Developing model representations of systems and platforms. This includes requirement, functional, plant and control model…",46664.91,46664.91,,2025-02-12T17:55:18Z,https://www.adzuna.co.uk/jobs/land/ad/5047449604?se=5uP_0TAe8BGla2k9OSZXLA&utm_medium=api&utm_source=e1ad5111&v=0A3C12108AC945BFAB6EA7105858036CC3A17B29,Engineering Jobs,engineer
Model Based Systems Engineer,BAE Systems,"Easton, Bristol","Job title: Model Based Systems Engineer Location: Filton. We offer a range of hybrid and flexible working arrangements. Please speak to your recruiter about the options for this particular role. Salary: £52,600 dependant on skills and experience What you’ll be doing: Working on high technology products such as Tempest you will be advancing the capability of air platforms by: Developing model representations of systems and platforms. This includes requirement, functional, plant and control model…",47999.59,47999.59,,2025-02-12T17:55:19Z,https://www.adzuna.co.uk/jobs/land/ad/5047449656?se=5uP_0TAe8BGla2k9OSZXLA&utm_medium=api&utm_source=e1ad5111&v=28C1C32DEE6FFF55EA87610C2FB4A8E5C57C2C4E,Engineering Jobs,engineer
Senior Flight Systems Engineer,BAE Systems,"Blackpool Airport, Blackpool","Job title: Senior Flight Systems Engineer Location: Warton, Samlesbury, Brough. We offer a range of hybrid and flexible working arrangements. Please speak to your recruiter about the options for this particular role. Salary: £47,683 – £52,426 dependant on skills and experience What you’ll be doing: Producing and issuing Flight Systems engineering data to meet project requirements in line with agreed standards and procedures, whilst maintaining quality, cost and schedule adherence Liaising with …",45898.43,45898.43,,2025-04-16T13:29:46Z,https://www.adzuna.co.uk/jobs/land/ad/5147345840?se=5uP_0TAe8BGla2k9OSZXLA&utm_medium=api&utm_source=e1ad5111&v=828BA1E9048646E3217610858018E75DA0D9E8C7,Engineering Jobs,engineer
Senior Flight Systems Engineer,BAE Systems,"Warton, Carnforth","Job title: Senior Flight Systems Engineer Location: Warton, Samlesbury, Brough. We offer a range of hybrid and flexible working arrangements. Please speak to your recruiter about the options for this particular role. Salary: £47,683 – £52,426 dependant on skills and experience What you’ll be doing: Producing and issuing Flight Systems engineering data to meet project requirements in line with agreed standards and procedures, whilst maintaining quality, cost and schedule adherence Liaising with …",44198.64,44198.64,,2025-04-16T13:29:46Z,https://www.adzuna.co.uk/jobs/land/ad/5147345843?se=5uP_0TAe8BGla2k9OSZXLA&utm_medium=api&utm_source=e1ad5111&v=D6E323DC7A5F99858E082078A2389507B55E92B2,Engineering Jobs,engineer
Senior Flight Systems Engineer,BAE Systems,"Ansdell, Lytham St. Annes","Job title: Senior Flight Systems Engineer Location: Warton, Samlesbury, Brough. We offer a range of hybrid and flexible working arrangements. Please speak to your recruiter about the options for this particular role. Salary: £47,683 – £52,426 dependant on skills and experience What you’ll be doing: Producing and issuing Flight Systems engineering data to meet project requirements in line with agreed standards and procedures, whilst maintaining quality, cost and schedule adherence Liaising with …",42808.98,42808.98,,2025-04-16T13:29:46Z,https://www.adzuna.co.uk/jobs/land/ad/5147345842?se=5uP_0TAe8BGla2k9OSZXLA&utm_medium=api&utm_source=e1ad5111&v=43BEFD58C86FF38119E3F6F755B79C382BCB5D93,Engineering Jobs,engineer
Senior Flight Systems Engineer,BAE Systems,"Penwortham, Preston","Job title: Senior Flight Systems Engineer Location: Warton, Samlesbury, Brough. We offer a range of hybrid and flexible working arrangements. Please speak to your recruiter about the options for this particular role. Salary: £47,683 – £52,426 dependant on skills and experience What you’ll be doing: Producing and issuing Flight Systems engineering data to meet project requirements in line with agreed standards and procedures, whilst maintaining quality, cost and schedule adherence Liaising with …",46342.4,46342.4,,2025-04-16T13:29:46Z,https://www.adzuna.co.uk/jobs/land/ad/5147345838?se=5uP_0TAe8BGla2k9OSZXLA&utm_medium=api&utm_source=e1ad5111&v=FBE3CB5FC747CE0460151DAD65D18311CDCB1FDA,Engineering Jobs,engineer
Senior Flight Systems Engineer,BAE Systems,"Padiham, Burnley","Job title: Senior Flight Systems Engineer Location: Warton, Samlesbury, Brough. We offer a range of hybrid and flexible working arrangements. Please speak to your recruiter about the options for this particular role. Salary: £47,683 – £52,426 dependant on skills and experience What you’ll be doing: Producing and issuing Flight Systems engineering data to meet project requirements in line with agreed standards and procedures, whilst maintaining quality, cost and schedule adherence Liaising with …",44127.84,44127.84,,2025-04-16T13:29:46Z,https://www.adzuna.co.uk/jobs/land/ad/5147345845?se=5uP_0TAe8BGla2k9OSZXLA&utm_medium=api&utm_source=e1ad5111&v=19C1B8DED9169619D3B8C0B7342E7F63F5639D9E,Engineering Jobs,engineer
Senior Avionics Systems Engineer,BAE Systems,"Penwortham, Preston","Job Title: Senior Avionics Systems Engineer Location: Warton. We offer a range of hybrid and flexible working arrangements – please speak to your recruiter about the options for this particular role. Salary: £47,683 – £52,426 depending on experience What you’ll be doing: Analyse new and emerging Customers requirements and provide a Safety and Avionic scoping together with a feasibility analysis for all the 7 main sub-systems teams Co-ordinate a review of the provided requirements, either a Cust…",56192.29,56192.29,,2025-02-12T17:55:19Z,https://www.adzuna.co.uk/jobs/land/ad/5047449677?se=5uP_0TAe8BGla2k9OSZXLA&utm_medium=api&utm_source=e1ad5111&v=E5488DA23116DED0394D3233D778B4021BDB5D03,Engineering Jobs,engineer
Senior Avionics Systems Engineer,BAE Systems,"Blackpool Airport, Blackpool","Job Title: Senior Avionics Systems Engineer Location: Warton. We offer a range of hybrid and flexible working arrangements – please speak to your recruiter about the options for this particular role. Salary: £47,683 – £52,426 depending on experience What you’ll be doing: Analyse new and emerging Customers requirements and provide a Safety and Avionic scoping together with a feasibility analysis for all the 7 main sub-systems teams Co-ordinate a review of the provided requirements, either a Cust…",55653.96,55653.96,,2025-02-12T17:55:18Z,https://www.adzuna.co.uk/jobs/land/ad/5047449630?se=5uP_0TAe8BGla2k9OSZXLA&utm_medium=api&utm_source=e1ad5111&v=728FD5B7F95E841FAC5A223234CB182AD824121D,Engineering Jobs,engineer
Senior Avionics Systems Engineer,BAE Systems,"Padiham, Burnley","Job Title: Senior Avionics Systems Engineer Location: Warton. We offer a range of hybrid and flexible working arrangements – please speak to your recruiter about the options for this particular role. Salary: £47,683 – £52,426 depending on experience What you’ll be doing: Analyse new and emerging Customers requirements and provide a Safety and Avionic scoping together with a feasibility analysis for all the 7 main sub-systems teams Co-ordinate a review of the provided requirements, either a Cust…",53506.99,53506.99,,2025-02-12T17:55:19Z,https://www.adzuna.co.uk/jobs/land/ad/5047449696?se=5uP_0TAe8BGla2k9OSZXLA&utm_medium=api&utm_source=e1ad5111&v=7D163E1EA1B3508C2E7405955B29049D9DF523F6,Engineering Jobs,engineer
Senior Avionics Systems Engineer,BAE Systems,"Ansdell, Lytham St. Annes","Job Title: Senior Avionics Systems Engineer Location: Warton. We offer a range of hybrid and flexible working arrangements – please speak to your recruiter about the options for this particular role. Salary: £47,683 – £52,426 depending on experience What you’ll be doing: Analyse new and emerging Customers requirements and provide a Safety and Avionic scoping together with a feasibility analysis for all the 7 main sub-systems teams Co-ordinate a review of the provided requirements, either a Cust…",51907.86,51907.86,,2025-02-12T17:55:18Z,https://www.adzuna.co.uk/jobs/land/ad/5047449607?se=5uP_0TAe8BGla2k9OSZXLA&utm_medium=api&utm_source=e1ad5111&v=DC77AB39E48B268D35E71C6471B9C177BACACF1B,Engineering Jobs,engineer
Senior Avionics Systems Engineer,BAE Systems,"Warton, Carnforth","Job Title: Senior Avionics Systems Engineer Location: Warton. We offer a range of hybrid and flexible working arrangements – please speak to your recruiter about the options for this particular role. Salary: £47,683 – £52,426 depending on experience What you’ll be doing: Analyse new and emerging Customers requirements and provide a Safety and Avionic scoping together with a feasibility analysis for all the 7 main sub-systems teams Co-ordinate a review of the provided requirements, either a Cust…",53592.78,53592.78,,2025-02-12T17:55:18Z,https://www.adzuna.co.uk/jobs/land/ad/5047449634?se=5uP_0TAe8BGla2k9OSZXLA&utm_medium=api&utm_source=e1ad5111&v=4119704693589AD47DFFAAE85678D0D2764A1E4A,Engineering Jobs,engineer
Staff Software Engineer,ARM,"Chesterton, Cambridge","As a staff engineer at Arm, not only will you play a part in developing the technology of tomorrow, but you will also have the opportunity to directly help and support hundreds of thousands of engineers worldwide using our platforms to develop their solutions or applications. If you are craving for that exciting and challenging role – Arm is the place for you Job Description: The Development Platforms Group is delivering on Arm’s ambition to be ubiquitous across all compute (Cloud, AI, Mobile, …",60667.22,60667.22,,2025-04-14T03:12:03Z,https://www.adzuna.co.uk/jobs/land/ad/5143735134?se=5uP_0TAe8BGla2k9OSZXLA&utm_medium=api&utm_source=e1ad5111&v=8E7780642E2522C918D4543CD90C02980F8EC709,IT Jobs,engineer
Senior Design Engineer,ARM,"Chesterton, Cambridge","Responsibilities: Design engineers are required to have in-depth understanding across all the elements that contribute to the products’ successful delivery. This includes low-power and high-speed design techniques and the ability to produce designs that are area efficient. Your key responsibilities will include writing micro-architecture specifications, developing the RTL and running various design checks. Additionally, you will work with the verification team to review test plans and help debu…",65427.09,65427.09,,2025-04-19T13:27:09Z,https://www.adzuna.co.uk/jobs/land/ad/5153215834?se=5uP_0TAe8BGla2k9OSZXLA&utm_medium=api&utm_source=e1ad5111&v=B8A85E7A514AAF36AB1EE5A3D510D553A8ED8ED8,Engineering Jobs,engineer
Senior Linux Engineer,ARM,"Chesterton, Cambridge","Job Overview: The Senior Linux Engineer will be responsible for follow-the-sun global operations and management of the on-premises as well as cloud Linux environments. Working closely with team leads, team managers, project managers, and engineering teams across IT, you will be dedicated in automating, deploying, improving, maintaining and supporting various flavors of Linux OS and core infrastructure services in heterogeneous environment. You’ll need to bring a positive teammate mentality, har…",53860.76,53860.76,,2025-04-14T03:12:03Z,https://www.adzuna.co.uk/jobs/land/ad/5143735136?se=5uP_0TAe8BGla2k9OSZXLA&utm_medium=api&utm_source=e1ad5111&v=7E74E6EB767B0A7FAA3B3516B223EC2FD0CEAAB5,IT Jobs,engineer
Data Protection Engineer,Barclays Bank PLC,"Toft, Knutsford","Join us as a Data Protection Engineer at Barclays where you'll spearhead the evolution of our digital landscape, driving innovation and excellence. You'll harness cutting-edge technology to revolutionise our digital offerings, ensuring unapparelled customer experiences. Joining a truly highly experienced Global team, and focusing on cutting-edge cyber solutions, in a managing, maintaining, and supporting capacity. To be successful as a Data Protection Engineer , you should have experience with:…",28122.24,28122.24,permanent,2025-04-16T23:58:19Z,https://www.adzuna.co.uk/jobs/land/ad/5148332905?se=5uP_0TAe8BGla2k9OSZXLA&utm_medium=api&utm_source=e1ad5111&v=237E56740A0F701E21D2A7051F66760DDF0677D2,IT Jobs,engineer
Mainframe Design Engineer,Barclays Bank PLC,"Toft, Knutsford","Join us as a Mainframe Design Engineer at Barclays where you'll spearhead the evolution of our technology landscape, driving innovation and excellence. The purpose of this role will be to design and improve software, utilising various engineering methodologies, that provides business, platform, and technology capabilities for our customers and colleagues. To be successful as a Mainframe Design Engineer you should have: An understanding of the lifecycle of a loan, or other products, within a len…",37331.68,37331.68,permanent,2025-04-14T03:51:46Z,https://www.adzuna.co.uk/jobs/land/ad/5143763291?se=5uP_0TAe8BGla2k9OSZXLA&utm_medium=api&utm_source=e1ad5111&v=4CE568A1BD74BAF8B866339C405F706D484B3942,IT Jobs,engineer
Chef Infrastructure Engineer,Barclays Bank PLC,"Toft, Knutsford","Join us as a Chef Infrastructure Engineer at Barclays where you'll spearhead the evolution of our digital landscape, driving innovation and excellence. You'll harness cutting-edge technology to revolutionise our digital offerings, ensuring unapparelled customer experiences. In this role you will be working on the automation of Chef, Chef infrastructure and Ansible. The role involves working on configuration as code and automating it. To be successful as a Chef Infrastructure Engineer , you shou…",29769.42,29769.42,permanent,2025-04-14T23:28:07Z,https://www.adzuna.co.uk/jobs/land/ad/5144760366?se=5uP_0TAe8BGla2k9OSZXLA&utm_medium=api&utm_source=e1ad5111&v=6F34A43DFFFECB6BBD3A9B73FC6179B12BB30C08,IT Jobs,engineer
Engineering,HAYS,UK,"Maintenance Engineer Your new company We are looking for an experienced Maintenance Engineer for a manufacturing business based in Kings Lynn. You will be a key member of the engineering team working Monday to Friday. Your new role Working closely with the site production teams, you will ensure any breakdowns are responded to and rectified in a safe and timely manner. You will complete routine maintenance in accordance with site PPM schedules and support operational efficiency by providing idea…",43,45,,2025-03-19T21:26:24Z,https://www.adzuna.co.uk/jobs/land/ad/5101754158?se=5uP_0TAe8BGla2k9OSZXLA&utm_medium=api&utm_source=e1ad5111&v=D35766BAA1BEE17A11BA2D117182708213298C5A,Engineering Jobs,engineer
Senior SoC RTL Engineer,ARM,"Chesterton, Cambridge","Job Overview: We are looking for an FPGA / Embedded-Systems Engineer to join Arm’s Solution Engineering FPGA team on a permanent basis working at the forefront of Arm based embedded design. Join our dynamic FPGA Prototyping team, a key part of Arm's Solutions Engineering group We are a dedicated group of engineers providing a robust platform to build and test software on Arm's brand-new subsystems and System-on-Chips (SoCs). Our mission is to accelerate the development process by offering a ver…",58364.8,58364.8,permanent,2025-04-16T13:18:05Z,https://www.adzuna.co.uk/jobs/land/ad/5147331180?se=5uP_0TAe8BGla2k9OSZXLA&utm_medium=api&utm_source=e1ad5111&v=62ED2E17C02845F80820DC2F2EFC6405B0550E49,Engineering Jobs,engineer
Mechanical Engineer,BAE Systems,"Cowes, Isle Of Wight","Job Title: Senior Mechanical Engineer Location: Cowes, Isle of Wight Salary: Up to £55,000 depending on experience What you’ll be doing: Providing technical engineering support to mechanical engineering design activities for new and legacy products Developing conceptual designs for radar products, sub-systems and units Producing technical documentation in line with company guidelines Attending and contributing to design review discussions/meetings. Engaging with different engineering discipline…",43913.11,43913.11,,2025-04-09T13:36:54Z,https://www.adzuna.co.uk/jobs/land/ad/5137126649?se=5uP_0TAe8BGla2k9OSZXLA&utm_medium=api&utm_source=e1ad5111&v=E8822382712DA3FFA3D047B7BB69CD294CBAD566,Engineering Jobs,engineer
Engineering Manager,Kerry,UK,"Requisition ID: 57372 Position Type: FT Permanent Workplace Arrangement: About the role We have a fantastic opportunity to join our Portbury site as Engineering Manager. This key position provides leadership and direction to the engineering department. You will be responsible for the Engineering budget spend decisions, site capital planning, capital project identification, process optimisation, energy management and maintenance delivery on site. You will also be responsible for ensuring all loc…",35984.2,35984.2,permanent,2025-03-01T05:20:12Z,https://www.adzuna.co.uk/jobs/land/ad/5067903642?se=5uP_0TAe8BGla2k9OSZXLA&utm_medium=api&utm_source=e1ad5111&v=70E1DAB32E6FB6B2C0C9D577FDBB63A0C8FA15A8,Engineering Jobs,engineer
Maintenance Engineer,Kerry,UK,"Requisition ID: 57713 Position Type: FT Permanent Workplace Arrangement: About the role We have a fantastic opportunity to join our Cam site, as a Maintenance Engineer. Cam is the regional centre for Gum Acacia with different applications like pastry improver, elasticity, freeze-thaw, moisture control, Ice cream stabilizer, shelf-life extension, texture systems, coatings and Fibre enrichment. This is a shift-based position, on a 3-week rota, covering shifts between 6am and 10pm. There is also a…",29340.39,29340.39,permanent,2025-03-21T16:22:24Z,https://www.adzuna.co.uk/jobs/land/ad/5104900765?se=5uP_0TAe8BGla2k9OSZXLA&utm_medium=api&utm_source=e1ad5111&v=F18A040D0BCD210529E47DB06D97E8588738A8E5,Engineering Jobs,engineer
Mechanical Engineer,BAE Systems,"Warton, Carnforth","Job Title: Manufacturing Engineer- Mechanical Process Planner Location: Samlesbury – We offer a range of hybrid and flexible working arrangements – please speak to your recruiter about the options for this particular role. Salary: £ 47,683 depending on skills and experience What you’ll be doing: • Processing the bill of material • Maintaining design and engineering configuration control • Identification of tooling and digital manufacturing process requirements • Providing shop floor support to …",38882.31,38882.31,,2025-04-15T21:18:15Z,https://www.adzuna.co.uk/jobs/land/ad/5146510963?se=5uP_0TAe8BGla2k9OSZXLA&utm_medium=api&utm_source=e1ad5111&v=2F8A0EE6318FA685D31D74F258CD44E63D3F61F8,Engineering Jobs,engineer
Mechanical Engineer,BAE Systems,"Warton, Carnforth","Job Title: Manufacturing Engineer- Mechanical Process Planner Location: Samlesbury – We offer a range of hybrid and flexible working arrangements – please speak to your recruiter about the options for this particular role. Salary: £ 41,361  depending on skills and experience What you’ll be doing: • Processing the bill of material • Maintaining design and engineering configuration control • Identification of tooling and digital manufacturing process requirements • Providing shop floor support to…",39267.09,39267.09,,2025-04-15T03:05:13Z,https://www.adzuna.co.uk/jobs/land/ad/5144911418?se=5uP_0TAe8BGla2k9OSZXLA&utm_medium=api&utm_source=e1ad5111&v=1BD227DB454919B5C6634D78A60DFA9372F6C329,Engineering Jobs,engineer
Mechanical Engineer,BAE Systems,"Barrow-In-Furness, Cumbria","Job title: Senior/Principal Mechanical Engineer Location: Barrow-in-Furness or Bristol. We offer a range of hybrid and flexible working arrangements – please speak to your recruiter about the options for this role Salary: Competitive What you’ll be doing: Develop and manage requirements and acceptance criteria specific to a system or product and/or across a system of systems, platform or programme Understand the contractual and performance requirements for various systems and support the defini…",43134.53,43134.53,,2025-04-09T20:11:13Z,https://www.adzuna.co.uk/jobs/land/ad/5137525217?se=5uP_0TAe8BGla2k9OSZXLA&utm_medium=api&utm_source=e1ad5111&v=D2EA9F840E0C335A082A57565DE18CCE300586BC,Engineering Jobs,engineer
Mechanical Engineer,BAE Systems,"Barrow-In-Furness, Cumbria","Job Title: Consultant Mechanical Engineer (Hydrostatic Control) Location: Barrow-in-Furness, Frimley, Filton or Manchester. We offer a range of hybrid and flexible working arrangements – please speak to your recruiter about the options for this particular role. Salary: Negotiable dependent on experience What you’ll be doing: Be responsible for the capture and approval of functional requirements for Hydrostatic Control in accordance with company and programme processes. Deliver a coherent functi…",43618.52,43618.52,,2025-04-17T20:16:52Z,https://www.adzuna.co.uk/jobs/land/ad/5150456864?se=5uP_0TAe8BGla2k9OSZXLA&utm_medium=api&utm_source=e1ad5111&v=9D89019A05143A51956C4CE7CD6ECF827B7DDD0D,Engineering Jobs,engineer
Maintenance Engineer,Kerry,UK,"Requisition ID: 56644 Position Type: FT Permanent Workplace Arrangement: LI-Onsite About the role At our Kerry site in Omagh, we specialise in suppling various brands with products like ice creams, cream and its alternatives, custards, and yoghurt beverages. We currently have a vacancy for a Multi-skilled Maintenance Engineer, working a rotating 8-hour shift pattern, 5 days per week across days, evenings, nights and weekends, to support planned and reactive maintenance across manufacturing plan…",29076.57,29076.57,permanent,2025-01-28T17:40:50Z,https://www.adzuna.co.uk/jobs/land/ad/5027243634?se=5uP_0TAe8BGla2k9OSZXLA&utm_medium=api&utm_source=e1ad5111&v=CD97528DE3711E3C6867CD2B8447DEE1F64DC077,Engineering Jobs,engineer
Mechanical Engineer,BAE Systems,"Portsmouth, Hampshire","Job Title: Mechanical Engineer – Lifts Location: Portsmouth. We offer a range of hybrid and flexible working arrangements – please speak to your recruiter about the options for this particular role Salary: Up to £44,300 commensurate on skills and experience What you’ll be doing: Conduct thorough examinations, maintenance, commissioning, and defect diagnosis of lifts, lifting appliances and associated systems Operate safe systems of work that comply with the company SHE procedures at all times A…",41334.46,41334.46,,2025-03-15T00:34:04Z,https://www.adzuna.co.uk/jobs/land/ad/5094437397?se=5uP_0TAe8BGla2k9OSZXLA&utm_medium=api&utm_source=e1ad5111&v=6FCABCD0AD4162C0607167F54424EF2EF318934A,Engineering Jobs,engineer
Team Leader – Senior Flight Systems Engineer,BAE Systems,"Warton, Carnforth","Job title: Team Leader -Senior Flight Systems Engineer Location: Warton, Brough. We offer a range of hybrid and flexible working arrangements. Please speak to your recruiter about the options for this particular role Salary: £54,793 dependant on skills and experience What you’ll be doing: Overseeing the production of Flight Systems engineering data to meet project requirements in line with agreed standards and procedures, whilst maintaining quality, cost and schedule adherence Liaising with oth…",47106.32,47106.32,,2025-04-16T13:29:46Z,https://www.adzuna.co.uk/jobs/land/ad/5147345844?se=5uP_0TAe8BGla2k9OSZXLA&utm_medium=api&utm_source=e1ad5111&v=CA01901A4417E3CC9C8235F488E7CDC9DDDF76AD,Engineering Jobs,engineer
Team Leader – Senior Flight Systems Engineer,BAE Systems,"Penwortham, Preston","Job title: Team Leader -Senior Flight Systems Engineer Location: Warton, Brough. We offer a range of hybrid and flexible working arrangements. Please speak to your recruiter about the options for this particular role Salary: £54,793 dependant on skills and experience What you’ll be doing: Overseeing the production of Flight Systems engineering data to meet project requirements in line with agreed standards and procedures, whilst maintaining quality, cost and schedule adherence Liaising with oth…",49391.06,49391.06,,2025-04-16T13:29:46Z,https://www.adzuna.co.uk/jobs/land/ad/5147345836?se=5uP_0TAe8BGla2k9OSZXLA&utm_medium=api&utm_source=e1ad5111&v=5BADE22E67F28532B2182658FA7771230D8AAE5E,Engineering Jobs,engineer
Team Leader – Senior Flight Systems Engineer,BAE Systems,"Ansdell, Lytham St. Annes","Job title: Team Leader -Senior Flight Systems Engineer Location: Warton, Brough. We offer a range of hybrid and flexible working arrangements. Please speak to your recruiter about the options for this particular role Salary: £54,793 dependant on skills and experience What you’ll be doing: Overseeing the production of Flight Systems engineering data to meet project requirements in line with agreed standards and procedures, whilst maintaining quality, cost and schedule adherence Liaising with oth…",45625.14,45625.14,,2025-04-16T13:29:46Z,https://www.adzuna.co.uk/jobs/land/ad/5147345841?se=5uP_0TAe8BGla2k9OSZXLA&utm_medium=api&utm_source=e1ad5111&v=3EB5D7C230DABC3178AE88A81ECAA8A3BE9E05DA,Engineering Jobs,engineer
Team Leader – Senior Flight Systems Engineer,BAE Systems,"Blackpool Airport, Blackpool","Job title: Team Leader -Senior Flight Systems Engineer Location: Warton, Brough. We offer a range of hybrid and flexible working arrangements. Please speak to your recruiter about the options for this particular role Salary: £54,793 dependant on skills and experience What you’ll be doing: Overseeing the production of Flight Systems engineering data to meet project requirements in line with agreed standards and procedures, whilst maintaining quality, cost and schedule adherence Liaising with oth…",48917.93,48917.93,,2025-04-16T13:29:46Z,https://www.adzuna.co.uk/jobs/land/ad/5147345839?se=5uP_0TAe8BGla2k9OSZXLA&utm_medium=api&utm_source=e1ad5111&v=1EDCCE58790FFBA5B934640E93291FBB411E4ED8,Engineering Jobs,engineer
Team Leader – Senior Flight Systems Engineer,BAE Systems,"Padiham, Burnley","Job title: Team Leader -Senior Flight Systems Engineer Location: Warton, Brough. We offer a range of hybrid and flexible working arrangements. Please speak to your recruiter about the options for this particular role Salary: £54,793 dependant on skills and experience What you’ll be doing: Overseeing the production of Flight Systems engineering data to meet project requirements in line with agreed standards and procedures, whilst maintaining quality, cost and schedule adherence Liaising with oth…",47030.81,47030.81,,2025-04-16T13:29:46Z,https://www.adzuna.co.uk/jobs/land/ad/5147345837?se=5uP_0TAe8BGla2k9OSZXLA&utm_medium=api&utm_source=e1ad5111&v=25CA27F234B58893BC84AB360DEF0C057C9F1D7D,Engineering Jobs,engineer
Senior Mission Systems Engineer (Onboard Computing),BAE Systems,"Penwortham, Preston","Job Title: Senior Mission Systems Engineer (Onboard Computing) Location: Warton. We offer a range of hybrid and flexible working arrangements – please speak to your recruiter about the options for this particular role. Salary: £54,793  depending on experience What you’ll be doing: Working with a focus on the Onboard Computing Systems Domain, this role is expected to include: Supporting overall system designs for FCAS products and leading various activities as part of the overall team responsibl…",58414.91,58414.91,,2025-01-17T16:31:31Z,https://www.adzuna.co.uk/jobs/land/ad/5014568532?se=5uP_0TAe8BGla2k9OSZXLA&utm_medium=api&utm_source=e1ad5111&v=04B957EB2CD8F1753FEF28191536D82DF313C65C,IT Jobs,engineer
Senior Mission Systems Engineer (Onboard Computing),BAE Systems,"Warton, Carnforth","Job Title: Senior Mission Systems Engineer (Onboard Computing) Location: Warton. We offer a range of hybrid and flexible working arrangements – please speak to your recruiter about the options for this particular role. Salary: £54,793  depending on experience What you’ll be doing: Working with a focus on the Onboard Computing Systems Domain, this role is expected to include: Supporting overall system designs for FCAS products and leading various activities as part of the overall team responsibl…",55712.8,55712.8,,2025-01-17T16:31:36Z,https://www.adzuna.co.uk/jobs/land/ad/5014568702?se=5uP_0TAe8BGla2k9OSZXLA&utm_medium=api&utm_source=e1ad5111&v=79C0B01F67973AA1E18BD0283FAE2F12CEB9C547,IT Jobs,engineer
Senior Mission Systems Engineer (Onboard Computing),BAE Systems,"Ansdell, Lytham St. Annes","Job Title: Senior Mission Systems Engineer (Onboard Computing) Location: Warton. We offer a range of hybrid and flexible working arrangements – please speak to your recruiter about the options for this particular role. Salary: £54,793  depending on experience What you’ll be doing: Working with a focus on the Onboard Computing Systems Domain, this role is expected to include: Supporting overall system designs for FCAS products and leading various activities as part of the overall team responsibl…",53961.01,53961.01,,2025-01-17T16:31:36Z,https://www.adzuna.co.uk/jobs/land/ad/5014568673?se=5uP_0TAe8BGla2k9OSZXLA&utm_medium=api&utm_source=e1ad5111&v=712CAEEA11F77F464A9AC295D2EC2DE8042BA095,IT Jobs,engineer
Senior Mission Systems Engineer (Onboard Computing),BAE Systems,"Blackpool Airport, Blackpool","Job Title: Senior Mission Systems Engineer (Onboard Computing) Location: Warton. We offer a range of hybrid and flexible working arrangements – please speak to your recruiter about the options for this particular role. Salary: £54,793  depending on experience What you’ll be doing: Working with a focus on the Onboard Computing Systems Domain, this role is expected to include: Supporting overall system designs for FCAS products and leading various activities as part of the overall team responsibl…",57855.51,57855.51,,2025-01-17T16:31:36Z,https://www.adzuna.co.uk/jobs/land/ad/5014568688?se=5uP_0TAe8BGla2k9OSZXLA&utm_medium=api&utm_source=e1ad5111&v=3EA7B7284D6AC3EDAAE2C0CA68D6C8D89667E78F,IT Jobs,engineer
